248070
248071
248044
248076
248046
248053
248054
248056
248057
198
11
285
262
220
16
25
283
15
17
328
309
271
8
13
279
19
18
763
21
23
7
318
369
28
388
638
20
653
1510
487
76
413
310
313
2168
847
471
77
63
303
1
363
364
264
2291
7586
735
12
24
636
321
60
406
5164
1120
22
343
460
1590
498
348
524
2
359
696
3962
1445
514
1992
606
58
1877
82
476
493
681
26
27896
1572
478
1411
687
440
593
437
1228
2334
1358
1302
256
816
42733
728
38637
314
4071
424
6
1558
74
516
1153
7824
62
14
6971
1385
44
2634
430
6256
333
504
1089
871
1639
11198
421
482
548
381
3042
464
92
85
697
1203
494
727
579
66
286
281
553
4885
869
434
383
2390
2468
2424
745
592
803
561
4884
1174
420
580
69
1103
837
506
1224
925
8004
29
3090
1866
1220
3497
272
79
4133
43
1259
3950
6813
513
7031
578
9764
591
1005
16236
646
10339
830
2561
760
466
68
2912
958
91
1133
3983
5854
976
411
2270
4536
652
539
12847
3439
4795
22257
13808
288
10474
615
2715
1622
361
1879
7920
629
64
6892
913
27
1716
1042
2124
65
5500
625
1217
4207
567
307
1630
713
28822
523
7402
3545
67
73709
1756
594
6020
716
948
1440
93720
1548
449
6856
261
4546
9802
15702
1137
87
984
4243
2387
1143
353
1267
1901
3284
87423
4493
7978
4125
15089
585
1744
7561
290
13992
6558
1098
292
1652
1170
1067
50
13182
1752
6297
748
1654
3817
670
3134
71483
1453
1328
15408
295
59
2200
33
6000
10209
11074
8705
2972
75
13475
5046
9
1293
879
641
2343
1844
680
1088
4406
5433
80
9966
628
6889
1542
1463
6090
51
24401
1824
9834
20363
3336
53
914
1812
257
660
682
6836
27653
40106
62691
835
554
64021
1054
16793
5665
7376
36
701
721
71093
34313
2153
491
2198
2251
973
1970
2506
4244
6667
853
2002
605
16451
1132
3442
950
16924
906
4091
648
5715
791
2448
8978
47789
9640
7644
447
1428
1048
1061
2099
17788
9609
51556
9703
4528
284
7424
26527
4747
17857
320
33030
15455
3553
1167
41973
1707
13201
6249
17293
4673
470
28397
32743
81
1954
23258
197
1118
4093
378
17118
23949
19794
1857
2144
1236
710
694
78827
5491
951
2011
1105
4185
12756
795
3524
6031
864
21532
736
874
2205
3033
1234
3676
2551
1809
19652
29456
26864
4391
3481
5675
86
1353
1902
2713
1608
1581
78407
72
22464
42
6696
3625
32
1611
1469
751
5224
331
5893
20467
5637
931
31
1332
2801
6533
9381
5037
10885
799
1144
23095
12316
9571
27238
1331
54084
88461
0
2135
81726
1243
1576
854
900
1043
5305
1141
380
44646
4147
35037
2069
2958
2072
5281
1138
6202
58581
535
48
35
3418
443
5979
9186
12333
357
34
1201
8125
7976
1528
1690
15167
274
967
52434
1989
2736
4138
1334
784
2107
18078
1126
2582
1788
40139
34422
1204
2136
5482
44231
16799
5772
18601
10539
22076
599
1429
84
4560
829
3070
2061
6937
3035
6518
2911
2997
975
999
38588
4744
866
927
3842
2020
1368
17809
37
1610
9705
324
5878
1257
1414
11540
5058
16026
2312
788
57063
13042
6406
436
14116
370
2721
44116
48441
1380
10383
8150
4692
27738
35178
4165
12237
1835
3343
12305
1151
55665
510
1117
2186
40527
2774
2313
8119
5254
10804
1179
2921
1401
13724
24531
2400
7815
280
3095
4109
9991
517
2031
18648
1417
2733
1423
2861
293
390
12164
473
332
16560
1643
2381
5608
25885
5003
957
59348
1102
1742
26067
4876
5
1906
1148
26014
3992
1373
1074
8644
1518
6009
8866
14783
503
12609
7664
60333
9845
4058
819
34821
777
1754
29017
1733
3079
1017
33126
1149
439
417
18583
1650
10673
13155
1591
1412
83
62364
19726
51488
3579
35555
35274
30851
45
4852
4956
4941
804
673
2610
53995
5285
4425
38
31100
2324
2556
13573
5070
15701
1791
4842
9386
1562
9714
6304
4265
1238
1350
5314
1209
60363
2048
2075
2397
704
462
5495
18959
2482
48913
47
1062
6363
1965
69961
2037
6820
1095
2581
6144
3329
918
884
767
14953
3291
316
3928
2477
41816
1433
668
4942
15571
259
8873
490
1951
1246
2423
1452
1008
323
1436
32634
5226
13204
12083
980
2163
959
426
43143
1892
94441
537
11665
275
25257
29542
16401
87930
834
813
6487
4309
1064
45603
7530
44424
1387
2512
7826
414
1245
867
886
5586
11361
4252
2857
2255
2138
44572
38681
2184
19293
21124
2518
8905
709
5135
920
9251
6711
2100
4794
5722
4
14385
22003
3082
1551
2706
6701
3511
8207
4891
7075
2535
11761
14683
902
5238
66983
26336
22749
10
36962
4748
27867
12309
7612
2127
485
9134
10713
40
10116
1316
49575
73234
13914
4566
64915
6018
911
2663
671
877
14071
850
6326
3765
9774
2007
6816
4120
2446
345
1667
15707
68313
3181
7455
15016
7320
4888
10485
32439
4417
557
14337
2353
3773
2870
351
1483
3506
73779
4241
34933
1083
427
428
25756
8068
2564
1392
4523
7018
6469
1212
19116
24354
30293
821
4880
1521
15796
10535
2510
949
25681
13171
41900
1015
4211
4487
7154
24797
13766
1104
3906
8474
6857
3620
1404
10582
74946
9495
5774
1724
30
3337
3376
4935
4370
4306
27625
7025
31088
4779
29211
4000
5916
8124
35655
58740
11567
34024
5741
7111
5265
2702
2678
17347
3889
304
338
34015
9197
19673
32656
878
890
2440
2836
1876
11787
9599
42598
52984
7408
2962
7494
10836
4752
57542
1076
20974
26094
90
977
2864
9398
12748
723
410
635
695
89441
807
5098
4129
8934
387
37374
312
14215
3129
10866
72115
24038
3421
5667
2193
13933
306
20923
6942
9337
32804
2961
268
8943
486
31626
1272
10398
6761
8385
13082
3693
3009
1779
1013
685
2803
9890
8189
1990
2425
8914
28729
5673
2406
36940
49596
8469
61620
24533
1262
18920
3525
1787
17963
1165
944
27510
46773
5560
2490
6276
4520
11525
382
1092
4612
739
1370
1898
994
22232
1056
2560
311
4535
2945
10434
5737
765
2617
2632
20049
1079
1210
38430
4543
35821
2809
34232
4422
8760
6526
18268
2278
17562
3514
469
446
14531
23814
16759
1290
1503
1818
7563
25658
8746
34762
1658
1854
5576
9176
14189
3172
1381
2739
11510
2849
5861
1817
1040
52451
809
8489
1324
5658
4595
488
9167
3856
11442
5076
8931
1330
17659
1142
5536
14067
7021
2086
1973
39
1025
4202
3051
26993
40253
298
1617
4696
1031
6452
70
3944
3745
27086
2080
4188
18922
35985
1345
16923
7392
15569
10269
9328
1066
5904
4475
14835
1670
60881
4881
39249
18162
7225
12556
3793
10152
16764
20499
3586
26574
3915
3158
64507
24348
3074
6066
4314
60607
1097
1189
2070
1628
17572
10027
13013
10734
6040
7251
3203
14658
5416
5530
1495
5533
258
1407
9665
2746
9082
409
12211
12408
14760
1926
2378
27742
7260
13829
8428
11026
458
5242
15236
8556
14872
7368
158819
7450
37179
5147
4474
24894
21452
6129
715
6656
55
1065
10565
16059
71
12485
18788
5646
5527
20596
1919
60794
4714
37421
6964
2653
7056
3935
8680
22982
16336
248045
1269
1870
623
34451
44748
508
3521
658
7980
33893
7813
632
52
1159
8969
86479
2597
1882
9753
1500
13746
1727
49
3425
57551
5434
12276
5218
78
1689
18709
52965
1534
1472
55299
5653
28867
7095
3443
1310
1364
45334
12055
6308
76366
842
3584
6397
846
3109
35716
5759
300
8217
263
24102
13081
18029
5599
13153
13039
9341
1335
10540
15248
65878
1000
3799
12255
5409
19294
28360
2629
1685
25502
1918
1393
789
13510
30407
2410
1321
39242
59930
1748
16010
3668
63008
15738
269
13258
5208
919
7465
479
4193
4871
5639
1761
5952
10738
7547
5553
3513
5216
6507
6891
24201
71570
4762
776
1485
1719
7428
2450
1349
8685
31509
45214
21473
24600
1958
2454
3436
21260
5789
5008
17234
13537
12102
3606
4637
2487
7628
6961
5839
9691
14933
2557
30038
3919
23551
733
2798
21282
4799
528
4396
8313
25449
2880
6436
25857
5972
334
1753
22927
1455
659
2896
7162
5799
74598
21568
18118
3728
14802
1193
26162
574
21966
5121
6513
9046
1921
12423
54
4011
11069
2600
1250
47196
1307
4063
4346
1947
2493
3377
6466
79852
8466
492
3749
50832
643
1070
5915
4334
15213
974
5189
3976
1967
4681
349
37775
88
276
28718
374
7677
86665
18615
4719
1626
2222
27477
6289
3664
26526
4441
8268
3689
8434
823
642
26259
20615
35386
47506
20687
8352
403
15015
4368
4561
17571
11798
287
13787
11347
19954
1511
1891
8099
2914
24676
3430
6994
5466
5036
5508
3221
2737
83167
8915
12654
7966
14380
11439
8059
10931
8696
5920
4556
2923
60465
1822
4322
16245
1698
2018
63138
2984
60593
7449
14144
52759
7621
9738
547
781
3587
3845
4702
729
18562
2083
2009
19739
12351
17642
6566
2420
14928
5206
7873
1035
1396
294
9749
18326
1985
25204
13359
6149
5223
1410
4581
9373
13540
28336
1535
1683
24337
302
880
13224
3874
2336
62196
6991
483
1502
2349
9981
1602
17128
14267
3445
15354
5335
4075
15000
60360
2496
11175
5871
3283
5039
703
273
1163
12204
13646
2212
4100
65150
5010
10512
8390
2357
11948
335
32017
23283
1139
5317
2845
86210
3960
23408
3254
277
371
41441
12389
5340
11246
77952
2645
6720
883
2488
614
13552
3812
4145
4603
88194
10390
3938
6751
640
32088
2299
4749
22372
7462
5642
11222
42750
17978
3350
622
1425
393
33057
4045
6679
5488
2703
4272
9431
266
6725
2243
91514
22699
15146
5748
30885
4466
20984
1532
5081
12340
17524
5041
14003
71646
3850
1984
888
42389
72444
11093
5981
3772
6907
2374
2235
61444
5148
17450
6450
5503
6282
2719
7943
3808
1627
21765
1638
1679
550
53337
13611
1856
46
51483
9697
40923
1146
1607
2162
1536
12866
11426
25558
11312
2797
77244
14715
55943
2164
1449
8977
28410
15623
714
3369
1669
19310
3771
12994
26123
3340
9727
3165
50319
24092
14051
19239
41799
3977
5183
10379
1560
28627
74451
39103
19210
40162
296
1968
19555
20782
1275
7934
4119
7355
6536
9301
5272
7427
25792
25146
10223
1063
1049
2306
3052
6643
3315
25901
12583
1792
457
17587
2246
2624
3462
86372
8753
7133
55020
11033
4490
12268
39048
5019
66471
15344
5150
344
12889
2497
826
58136
51234
2047
49766
6260
14505
7922
9646
37169
6199
6666
31789
3578
5165
1478
810
7141
1814
35165
57666
38002
10920
429
42417
9367
16971
10630
76342
10313
4618
63985
10806
8222
4206
19993
12740
4447
23636
17720
1172
5136
70556
3010
10757
29879
67017
9446
1501
15891
4182
29567
43765
400
20365
549
2220
12091
77142
1200
5751
32313
720
8735
401
2781
11673
35221
69968
30451
15525
30749
3470
34171
15640
9971
15473
54907
17241
16674
1471
4886
9817
9536
1288
9159
11469
1987
9310
11121
27718
4023
12294
6767
25547
21527
2081
1130
19290
4633
13387
903
37956
11127
1009
1361
13585
2483
62462
1864
3655
6214
2185
19768
11789
16484
3577
12088
2399
3949
4203
1953
8997
24342
6576
4497
13427
6688
326
9635
60592
1152
260
5604
23507
552
63375
14545
10450
5996
639
18169
13086
1140
2267
1574
19401
1673
44674
95116
8102
347
59012
832
1094
30895
11125
1032
87378
2777
2830
5945
3708
10132
12611
6369
26622
3496
1865
1301
9471
8614
7125
2394
841
42913
13068
18221
17861
3133
4047
2173
2784
1666
54962
15715
24566
38408
6568
7072
24386
13323
34098
43551
4177
4178
17167
9345
4598
19783
31774
8060
7230
586
4162
20302
86523
23075
1531
2426
18184
36196
5271
11519
62414
698
4754
5790
1975
19776
10102
2933
15060
5910
7087
90048
8557
42266
16502
4480
27502
6411
2458
5202
8708
32974
8240
6677
22009
12966
25516
7658
898
2939
28882
27966
541
978
423
5457
52066
10333
31062
2117
3501
3175
3163
3464
46902
4216
36456
2605
3431
2234
2508
8906
5458
9178
2258
3147
2308
27424
27327
49219
35988
5406
3405
19072
19089
3573
33545
20759
12192
32367
5917
64203
18904
4874
3294
17083
7298
21994
4005
28121
6633
37799
60391
1037
9468
4072
29696
15704
6238
23917
569
12867
27059
2058
1609
3556
19474
21293
19424
19159
7724
1796
13026
20344
5427
3778
7222
44564
560
5471
37346
36749
8206
32506
12877
892
5192
3136
18887
4430
889
2542
61369
11847
51319
16753
88456
2434
2957
10302
64399
15992
9222
35497
7033
7544
9858
1520
25434
5447
68163
2233
28254
2388
1030
26669
7872
5167
5097
2878
907
5350
3555
4364
40770
1916
10185
299
9253
33686
38049
76018
25393
23129
1402
85728
15319
1841
2673
76512
6811
2195
47709
9372
57129
20447
7545
496
19455
3645
6700
4139
39330
14856
5313
12910
2821
31984
542
3515
4919
15625
14934
6425
2261
8339
38331
836
58400
793
2404
21759
19213
16615
23361
87160
3456
16874
74808
3059
13962
7353
1825
7709
63192
6333
4691
17655
51845
70728
17314
44103
8973
5149
92019
11836
49776
669
4841
16809
1058
3287
3429
3667
1484
6763
5555
9278
7807
40648
16782
94450
7960
3237
1942
32783
8418
3758
1198
2359
3101
3623
46279
34810
82049
14992
50821
2519
25903
50944
1156
13216
2297
12868
6970
1905
5038
77462
19867
32675
265
6186
46137
74537
391
31589
37794
1034
1619
3892
5902
17679
9690
7062
1439
27929
12062
76793
8213
8032
5786
2133
4613
14554
11827
6901
1635
7387
11788
43138
3595
23645
7842
8798
894
3173
16551
18713
52954
32713
21088
3407
2631
13784
83871
397
3953
21729
8566
922
4989
47858
3122
815
85603
11607
18191
11988
6743
7302
87247
7379
24154
30463
16904
6126
35125
3756
89
4563
8030
3913
6632
18545
77758
53343
5887
3981
11900
53720
32690
6744
1927
35542
19095
29239
43265
3354
7812
15484
9299
18405
35959
3092
52782
6644
2073
15968
8699
8573
4482
8078
3391
2805
21239
11838
18119
69517
544
71878
4221
4801
11870
2940
18685
1794
27734
16187
20266
30561
6387
13199
30047
15865
15078
80390
12606
51338
76498
18913
1010
2842
25289
6988
16145
5368
4503
4505
75843
38593
1928
4062
48699
36760
75897
74455
23966
8722
1846
1881
10300
22249
2785
76698
63261
10985
38766
14335
4759
41
30125
3138
43026
10095
37158
3214
2577
59386
5565
4037
33310
86602
11258
14625
7245
10502
10580
69033
24722
14312
4213
3853
14980
3333
8451
4807
7016
10518
3190
57
4868
1723
9585
3677
11559
577
3088
20908
32354
5284
30558
1718
4004
5146
12119
51046
6339
5132
992
24624
18894
11036
1459
37457
8420
13834
730
2674
6686
12671
5937
7258
22666
9537
4792
55348
8015
13290
3050
5860
22375
10497
25092
38214
5119
23825
5181
3568
1765
5978
34538
3669
10625
7900
5611
4680
39248
20077
8251
6133
442
2665
4434
15013
7993
13541
58603
23218
9463
18612
17549
6343
17607
15382
28739
11092
9344
73555
25148
44414
2275
787
11302
2766
19314
20013
1438
20668
367
25256
4987
475
66536
2585
5781
25868
1675
77237
4277
2974
7663
10236
68710
10111
2132
26808
15118
3544
71376
2763
9410
7008
23954
5275
30406
7136
61274
10973
4650
86622
15511
2876
4873
12640
8754
36934
2905
9262
2590
17062
16243
9093
44675
1676
8728
3040
14789
73
87117
7167
4615
5386
4418
10467
8901
1904
3274
2515
12439
24109
38387
691
2272
23592
7321
5982
3798
2964
7461
5245
4381
4341
10159
6212
2646
15889
2174
2187
3444
6592
6768
15574
71647
520
8890
72981
15840
27894
942
805
6532
25016
27976
4021
29828
27406
2931
45805
57491
8499
4562
4122
7073
1764
4156
20507
14503
11652
4671
3683
12486
6707
8037
11993
70322
17056
5423
19025
4895
1597
34445
4416
13183
30371
3131
1671
8507
9419
22246
11319
2377
8759
2594
8019
1446
12901
9907
1280
3482
5306
1283
1248
20868
1960
11930
8103
6061
33660
1811
8563
8044
20852
6025
11325
10121
11238
24727
25640
12876
11331
41179
35748
58286
23015
9147
14281
52591
14208
611
3835
9666
9087
59632
2725
16873
5252
31552
339
3127
7121
32335
1730
289
17463
5331
77517
11969
28755
47241
65411
2604
1110
2700
24050
76514
65342
26275
3018
1466
17703
9974
31351
7782
32579
52450
7247
12443
10531
1912
60922
13053
25429
21341
27084
63520
64070
6681
69764
9815
6280
37891
8849
3309
5215
81280
36901
2282
2215
15234
54529
9351
5394
7678
22021
8656
40979
2231
2318
3648
2516
4896
3989
3081
16566
4212
4149
1021
45495
2129
9309
11595
2074
824
36438
92217
26657
5074
15452
1327
63576
15406
3359
43716
15342
3572
2743
9543
5822
12366
6699
11883
15411
6052
48855
24351
10817
362
21604
23683
48804
2572
2977
37168
4098
5187
21126
10562
8020
13462
1640
13904
35908
3451
3955
3661
10694
2109
189551
8476
3232
6631
16936
28649
17648
18941
3921
36243
2892
11356
10341
16374
54978
9191
26098
14705
47634
13704
3559
5258
69464
9778
18054
11212
7289
18710
8242
1150
18772
6903
5062
9576
9494
3139
80904
4778
12269
84040
5363
48833
15605
2935
27437
29832
6830
30912
7007
28714
8442
1284
3564
9979
3404
13180
24358
6007
27365
21186
51550
22993
1702
10107
1721
9039
4774
4625
7263
71590
35899
8462
2315
26955
6136
10055
69056
3492
15407
48241
20648
23826
2407
2626
20540
12283
19659
1869
13094
15622
2559
7698
5515
1343
10612
9363
4055
8158
4181
4051
596
20318
4715
10832
13092
10978
12624
16252
1211
25322
2428
8478
3954
29823
44776
27758
7598
3330
5460
7800
39380
20874
4808
939
12672
15135
1395
2949
9512
4549
4249
13240
69798
75320
6974
76503
41575
16968
18351
8863
77616
10073
1223
12097
16350
11413
14107
1304
5274
2257
2754
29282
7024
59733
21539
34455
5568
14322
3899
8658
12898
24297
25848
6419
40372
3008
3186
8908
2467
747
3858
5743
3502
972
385
3682
17523
66373
3903
16815
16371
3244
2224
4532
2686
1623
4394
11363
20169
33204
2865
2574
23776
22826
11250
5228
1285
5478
68783
588
28185
5868
65765
76729
8038
2621
62024
4433
1121
28044
10800
49882
11135
7205
10524
354
23424
23535
1176
15275
10031
678
7635
7145
11768
59492
20428
621
57150
15345
43065
11411
24237
12880
62337
44484
8636
17566
6409
8040
13120
707
24163
51467
15269
11240
19214
3307
8255
27950
9830
38266
23233
1855
13402
82602
50642
66773
3895
2612
1206
4025
8097
13629
2528
50313
3459
11002
6481
29302
6663
19827
753
16184
2850
36151
1932
66706
1981
69730
11490
3766
35780
30231
2022
2206
2001
38718
8602
9954
11353
897
17806
35778
3614
305
36066
54293
44456
11684
1696
17420
20619
6649
20250
64816
4780
81189
19900
395
5696
2152
6302
2548
8311
6900
46601
2793
19473
11272
16478
3764
1060
52340
5752
60003
9766
1352
9476
4380
75555
7947
6392
2507
33887
352
79185
1543
52123
7262
4158
7694
75058
11134
7484
12952
19661
9801
4431
7098
40889
3925
7834
20104
40381
30470
33740
8403
3112
267
724
34535
56485
4222
12849
6607
5171
65446
6745
15010
16298
8338
6521
70518
26690
1603
6948
6731
47974
13684
15365
17189
28092
3273
80901
2716
686
18521
28217
12860
3736
21941
15820
8316
16221
18797
6673
3670
15952
57925
14779
1509
15662
1441
1315
13428
9307
4620
6975
47614
5348
22291
4922
1240
81898
5175
7624
28109
43577
4424
9936
8033
83495
39270
1188
5645
5435
692
2731
7949
11386
4101
10014
2741
30909
327
8588
3108
2614
3036
940
782
8328
4064
6248
16803
9283
23556
4997
1192
207029
4924
15594
375
21402
8996
10002
12133
6951
10604
6160
20050
31436
27362
3710
19043
53880
998
10060
4967
4468
7523
41912
2554
366
4393
12502
4324
1442
15116
1085
2429
13525
87882
5143
30715
30139
13908
2818
9584
7479
27396
5129
6617
4826
1344
43977
55769
4019
51249
2723
7345
1494
46757
53294
812
31032
558
223
26806
2980
989
24242
467
15480
29786
1053
16591
64700
15825
74042
6608
1306
4623
17289
2654
222
9238
63501
20480
6047
3179
64258
7948
4275
10425
56
31788
13773
5323
87323
1004
51843
12829
3196
14673
13067
22966
11882
3947
57003
2044
68572
6734
13048
2639
61556
61367
21112
20464
5084
36944
13218
12801
7391
6812
8281
9209
1595
10930
297
2442
2307
3349
43112
2470
33667
49405
33131
11822
2492
8616
69452
2552
67590
7346
13483
3394
20776
5686
13322
27412
2744
16075
1077
2294
14436
17574
1934
5225
3474
1786
5396
7153
5378
1757
9461
38817
228051
7499
9215
24167
16715
47765
1365
2149
2844
4713
77785
21746
27006
1178
5391
21910
5016
78148
5365
5617
19872
5344
18817
2521
14855
30812
28692
15215
3641
35155
29554
3894
83706
82637
18173
1287
8154
1845
14159
1693
4225
90950
35679
33191
3025
3202
29115
10696
1038
15846
13744
61571
519
24619
3150
77773
43424
7683
9745
5255
2839
21649
17461
41997
25864
2021
16490
6113
44868
33335
7714
4462
25165
2576
36040
4695
647
4205
23044
12604
21102
74697
2024
5987
5836
16518
3598
6402
6613
29155
53761
52680
3314
2975
16065
10134
1803
1728
8172
48072
4851
37673
10966
6171
3231
28874
4486
445
48002
10392
20182
3191
14556
4708
15250
1734
13587
21295
1888
10037
8796
3310
18708
25667
11839
10408
30747
3495
59082
7131
78913
7890
3714
21950
3364
12208
1793
4350
8924
5903
27345
5376
1318
3403
10711
45467
23184
1362
2143
4161
13837
2000
22889
3328
7877
11961
7869
58807
1971
35464
31838
5042
1379
21609
7832
48217
7944
18857
55112
10484
47310
1889
50651
2640
2171
4862
9788
10362
19113
11210
13145
3802
31686
2526
8057
6250
1295
3357
500
2166
7650
35529
505
24312
12219
6182
47890
8387
39129
50318
8991
4540
42903
57208
10165
4763
54247
15449
3829
22476
18280
37056
3312
21537
1325
19387
3016
7772
6486
6298
68022
5354
1593
1303
32462
24369
36988
26343
7199
26502
248069
9393
16889
50108
30211
12391
43650
4916
8618
2447
75051
741
12559
43806
20800
54787
48632
20635
732
55791
9816
1802
25632
14905
27160
23314
68924
37774
11197
28233
5324
1697
17313
61005
1473
49124
30003
2329
14327
5128
3305
10272
28258
17044
10039
21081
49287
12023
10315
11504
15983
4831
12846
827
1996
30594
1662
34224
12105
1599
843
26591
39737
19912
3978
3140
5571
10845
39361
46369
2531
9765
11857
5660
30576
2106
57167
52975
4577
20711
2675
5546
20567
23022
7047
11910
9009
474
7701
32677
11256
23474
8610
3085
5857
23478
3536
25004
24647
45943
2571
3145
24096
6817
9575
51012
50348
13605
4028
21555
4386
26612
60770
6287
7915
22090
1999
2824
8386
1538
48213
1767
3627
5055
806
15907
72550
8678
10125
778
41571
46957
25831
1659
8829
8615
9969
76218
1660
78289
3382
5292
1771
3356
25170
33671
10665
11360
8808
17675
45543
65623
20455
1911
7911
58347
23735
5469
37727
5024
14392
92535
663
24334
13061
1162
4238
8625
59670
14136
21227
5375
9042
11264
22285
448
26247
849
1371
11986
672
631
3840
2942
5134
8262
620
7675
895
4914
18779
6747
26141
2427
11606
21019
8393
12584
6549
26079
2592
42728
35956
16508
16347
1286
8368
32239
15224
31489
18401
7096
43270
215332
481
1498
11823
9221
18769
10638
8570
19315
3041
10309
23402
72983
13709
16626
19504
2078
1545
7888
28308
2823
25045
38088
38906
18336
2459
3934
706
68126
17294
32773
9409
48636
10238
2993
10182
2615
35740
9376
49125
444
72116
408
33673
1946
9242
4911
15734
38325
40056
604
19081
13761
10897
5764
11565
13749
159029
4805
965
5666
3449
69305
59055
26140
84209
2416
20985
6616
13390
1527
9190
4471
44886
13609
4451
278
11980
19189
36831
51515
10029
53215
1354
12811
7080
12732
5842
1313
6228
7532
2412
19298
41266
11330
68925
25216
20889
83562
7041
4273
2119
887
10198
20076
48167
875
46455
386
4534
2456
8298
2843
1620
19974
17311
4570
25738
27724
5176
4217
25131
13734
2717
4262
1831
59641
13984
737
40203
42177
5320
6483
4173
18895
484
24427
40904
53265
10984
11025
1923
2403
17899
43854
9685
459
33005
3353
5480
51682
5976
8127
5990
3833
1714
7935
27247
14158
36123
5400
7077
8646
379
15462
2029
27222
38604
5559
12101
43318
17470
5792
8850
20110
4906
5188
42236
3414
24542
9141
8363
15080
6454
5506
6465
1406
55889
16159
22524
8439
4362
25018
675
34543
84384
42064
33782
18295
17754
13330
15132
3535
32129
10092
4697
34563
6742
6082
9118
683
29850
36805
3533
82980
917
8892
13470
2908
17878
32464
8017
12404
13457
7156
340
36449
26996
2833
4017
14118
4965
981
61264
3561
31824
61732
248068
8427
16247
40503
11616
83056
1475
15006
14152
15339
34071
57895
29635
64538
15384
4609
25214
3776
3447
5099
3639
8955
8159
336
4152
6320
12943
6596
3725
4294
4961
12594
41531
15050
50752
997
6525
4313
6081
65373
5638
43016
9581
6131
2484
16168
7606
18082
20335
1019
56905
3491
4500
8659
5668
2589
42338
330
8359
39726
19306
2643
3879
1680
6847
19722
42105
731
26777
24151
2036
814
17583
71142
12789
90657
10220
4537
79631
17582
3160
14611
9964
12629
17164
13038
6581
79420
18466
13205
61126
329
17797
15795
169484
45454
24101
41419
61411
19927
49422
3301
11008
19639
13405
10206
2937
2759
42884
10289
28530
17220
84277
2822
7191
9433
2707
10668
33993
2829
7081
15818
2708
24720
4325
34374
40980
21119
5177
4336
6327
12703
34131
4619
5330
10884
2194
34164
2929
31520
1726
45605
49142
8984
13983
6336
4283
2990
562
55426
13754
1231
1052
15051
7652
7294
21258
1059
15603
70490
17608
6694
11039
36015
23251
26879
11149
1592
73756
1994
3729
881
32844
19916
342
89124
29369
3730
16756
14145
7584
13252
8016
36794
34298
10811
3945
26443
5951
2372
4016
2435
3681
1050
11133
33490
3488
15377
90174
17657
529
9453
63598
13595
17636
3854
42898
4582
69400
20167
32009
248058
2123
8976
2827
13715
23615
13215
10381
1826
59365
18971
33413
5201
1785
30276
20804
8029
26227
6922
2053
12221
1585
9962
5117
22169
863
20607
8146
18883
9146
15040
45852
38076
365
15971
40784
4310
1722
52278
43101
4054
3696
33341
4810
6241
15815
38755
11722
88655
74417
2536
5326
2309
14456
15692
39109
57997
75136
4006
29648
37441
70383
2662
20954
79446
1237
17606
4694
27858
291
3
1196
17550
9385
32964
9357
33767
45850
20460
8211
5111
236881
4220
80692
53163
38390
4803
7426
21628
13596
59494
1945
35838
1006
13398
19208
15802
32645
1782
848
8958
3002
455
7049
24582
43690
37072
7130
18065
6505
27044
3701
31276
15304
21761
8075
70768
19810
2540
18492
5803
24207
3256
7202
11951
4191
11881
1366
20114
3325
22585
2787
633
17111
12410
1386
29903
9750
7285
81448
51269
27073
52250
2228
5787
7937
11072
5826
5020
4722
2792
9325
2316
489
2112
1925
40758
1448
1114
2361
19693
8846
5620
3166
45938
4670
7170
6758
47332
971
77573
1044
20952
55953
2543
2523
15847
350
37592
49830
477
3709
1839
15321
22116
31770
3759
12870
22556
4342
19526
18488
4087
6860
2452
11547
31505
7174
12855
11000
3105
50199
39180
18879
17555
22054
17396
38219
2348
8404
851
5494
2250
5015
10615
7123
1783
21610
5304
11491
17424
12578
27996
30930
11406
61932
13329
90641
3631
21902
9055
8806
11206
1333
10494
18195
12649
39072
5511
57154
3636
81337
3124
7786
8871
39952
32114
5198
3646
26547
70391
7106
22775
15567
22167
4084
25561
6999
18261
4255
68894
62251
3523
10314
49743
16775
2922
1496
1847
3757
24973
46933
16755
31735
6435
3860
15318
1515
38377
6795
5671
2323
22431
20764
12054
5534
44521
25905
91278
3238
7791
86891
3246
10304
4456
10232
42416
30519
2887
51952
956
52922
59128
10698
2534
17172
12550
66857
13669
45019
17723
2742
34725
52525
35920
11644
15501
42045
1687
10977
5138
1575
6570
3317
34283
4821
15650
16442
1830
28267
10548
48622
46925
85784
3721
11800
14525
64146
7594
2877
67708
6881
1389
905
8340
4829
3924
2583
4040
15168
29166
2538
19427
14194
13102
1601
19448
24777
44712
18543
62755
47719
14685
85621
18770
11396
55120
50222
43494
35302
24006
65973
9339
9336
1011
4180
7318
13460
5436
87119
2985
9189
2068
3362
18834
22887
337
587
5894
21731
34347
8010
13741
16843
25427
8132
12659
6030
982
20269
43320
3388
38008
15584
17770
657
70433
7626
20446
6381
6527
5590
14836
19586
32116
3296
564
14851
18408
3212
3233
3510
8373
21624
8205
26841
8337
21076
5492
25472
1394
14890
68914
9527
12875
7026
5974
5995
21001
28066
29283
6142
14289
12882
11963
8058
8022
18958
7088
25147
5327
29749
20068
17830
4143
7434
29587
7622
2050
12678
67739
12669
29765
49788
12182
5364
62963
5775
20738
65885
9239
916
26253
3480
11612
5259
936
2783
49675
674
12480
3980
43303
34624
1806
39652
398
38581
47029
10536
5497
19859
3267
5486
9155
14717
1033
35482
53678
15688
46718
30399
16030
85023
34282
3742
3549
1400
533
55959
76548
3494
1655
1737
7936
14706
5040
35393
16676
39992
11999
24546
33539
11167
28513
23837
16492
7728
23489
2333
6041
87581
21170
77691
87470
308
30547
76703
2979
19152
8953
6849
5949
22759
19798
4375
3019
18499
39571
565
20394
13553
27384
31734
9819
25298
31918
1801
175762
11425
28586
24802
21901
20112
26012
13064
30952
30394
20722
26742
21096
46048
11180
12858
11484
61
30150
19921
2513
995
15853
33652
27459
40049
2444
2089
6611
62111
1420
15627
17662
43724
33900
5954
5199
2683
14773
28919
5758
32969
9119
11906
896
52390
67254
15884
14039
87740
52191
76478
25284
8471
38577
818
9504
38783
2148
30776
24668
72364
13141
4775
4127
17994
3726
60491
16996
7308
26778
23429
6151
5353
49407
1020
3720
5157
14026
54572
3715
1890
63929
16820
26156
3870
38643
41378
2271
11372
36072
1577
8095
19612
51503
39044
29689
83553
14182
1966
8845
7335
2006
6175
50458
40031
8481
9687
1526
178436
66878
50561
2848
9720
84189
7147
39121
23135
25710
25949
9748
36577
10923
6943
2680
37972
21721
38551
12692
23023
24436
3380
6511
12899
68228
11013
22024
29400
4682
11693
22424
69884
12843
81250
25983
13598
27666
14573
19517
5834
8084
20244
9129
27712
16682
60339
14813
12906
50390
15955
5116
40007
3929
248059
4657
315
6516
16884
1261
41203
61095
10636
1657
23396
30237
34135
9425
8712
10573
33403
15893
11076
6218
13172
12757
4903
5339
46848
2430
2566
8831
11820
3270
6957
9478
16483
5013
7666
6858
2179
3367
24963
8028
27245
8153
2301
13979
11171
12844
39396
1848
1299
5697
74157
85248
19567
7560
33702
11306
59605
5073
8497
13514
9949
9880
16172
1743
2134
13248
87593
22542
12171
9037
93920
3409
2056
14923
19221
25781
4081
4060
708
29958
15297
35088
8887
4946
7092
17152
51790
59542
48043
35931
3644
2060
6169
9731
12437
86730
17987
13878
11811
19873
95386
82067
44125
4229
9933
6572
9184
9688
7505
860
15399
32692
5144
15497
10944
8530
13868
22806
9643
11985
95088
13594
11603
53691
4912
86338
1580
4240
1323
8318
1631
23693
32016
1182
11096
38489
51831
8820
43339
14791
29474
3705
15933
14090
65832
13917
17543
37707
2082
56293
89958
4358
12749
34243
30959
1849
4551
28341
63164
23619
2342
3208
78556
2475
2661
1784
15435
6915
16705
7902
3223
23967
17120
12996
42116
6966
41042
72285
19735
73113
2288
31251
8767
21354
27938
8698
3520
17359
4823
8959
24324
58405
2159
35693
8948
21858
13393
4472
4662
1712
53897
28192
37463
3106
64194
156532
40290
84027
3662
30183
5359
45863
29440
5601
31086
38127
3508
28074
9655
1741
10743
35787
38532
16761
1311
11248
10886
13365
10795
3622
9192
13673
15872
41310
14292
27686
8737
9925
15400
11726
13069
13996
12113
56907
21676
12587
17464
20327
13452
41490
67921
84481
71452
51384
10156
14395
23509
71492
4844
61610
23014
8811
80872
39054
10796
17209
28320
30511
92085
4937
30883
42514
11205
76225
8734
322
27263
13391
762
9696
38171
30202
86218
4502
66394
33682
17751
28950
4261
63990
7836
6057
5499
90837
5053
30358
20991
5291
1799
75336
32300
52519
1134
29174
48659
7660
9592
7250
1022
2320
8101
6488
797
15510
11859
10118
13107
6398
5267
89303
4230
73272
17747
13249
25866
41275
15169
6589
2570
50566
59710
94580
25300
31329
34923
2414
17319
4677
5126
7365
42181
14944
4479
27007
2682
22684
6283
12300
28789
22841
45536
10490
9217
2379
8952
17030
34228
18892
27385
10993
32388
2393
1940
1804
20877
24868
65721
26003
19537
31902
36098
3697
54360
16691
6211
10614
19260
21252
49288
70901
8758
1057
18155
6781
19682
42481
28664
11747
16773
575
31720
21621
5953
53535
8721
8898
5158
3213
30758
57267
14728
319
16921
61964
11158
31740
8043
58077
2622
6027
4816
5919
20001
9255
3886
33974
13425
23989
9987
14465
3102
26523
31575
11409
87960
94415
28675
6862
1113
29609
55786
8522
6522
7267
25294
16359
46212
12452
833
41231
2813
9989
15257
26407
13780
8990
1086
50586
7552
3805
27600
6689
1525
4547
2767
3457
2820
35971
4282
3467
20822
4741
1135
37107
20459
4531
12513
3219
16045
602
1948
1235
9831
8312
45759
17752
2788
11799
1798
26355
46609
6156
15491
6177
5734
4293
1123
11163
14676
5895
2015
16104
6006
16563
32015
3519
9412
45624
3864
5946
1489
36610
12792
37020
65585
8856
1158
5461
70986
6762
60258
37066
10076
1479
49858
22266
6523
15743
15332
923
18479
23036
8130
34879
13208
29757
19703
95677
3055
3222
301
23690
38710
81520
38958
11483
47165
34558
160740
78029
31397
94433
1749
19868
10310
4312
11209
29015
25716
11670
39950
25171
47733
2913
8713
2167
802
7472
20007
4038
24693
13927
1467
12430
6375
76901
50188
22296
22753
13000
34134
7863
2699
36892
6108
3816
15217
14630
87927
28873
70266
23835
51889
48864
61433
69180
90409
4164
19942
14354
14251
21805
1852
17939
47650
24330
5454
48507
24842
5190
81369
3675
45487
7788
4853
38061
48518
13281
19373
34176
40276
3381
10672
12719
581
21976
48870
8073
55404
25041
27767
15664
10592
33579
1681
9293
18247
25095
56761
12885
5876
16866
41746
17108
19770
58233
34191
7749
17872
31727
10466
346
5490
3433
13967
10218
22668
93615
89500
26497
17778
8661
603
6575
24991
16926
34570
7333
16912
12022
29296
5127
15947
48973
1899
5373
25546
27903
22512
14373
23315
1435
19135
3743
2971
3574
8844
93435
9400
33303
11785
25346
37263
31541
3654
9455
6195
39046
39539
28767
37116
17312
8484
1173
1828
26849
6676
3065
17145
12490
5346
15199
8494
36602
9352
25402
3711
2918
16762
1566
22541
28252
52659
48052
19087
49927
1462
6902
559
4237
62982
3269
24555
7188
5246
5302
48116
31147
20618
39965
200217
15020
45418
3637
12973
9028
2900
84239
9306
14726
37490
87616
79615
4508
6125
7559
4990
15579
13016
38807
8719
435
18854
20465
31659
10447
11407
8884
6209
48118
3406
16384
17098
1122
6109
13284
7139
41204
83241
4108
4790
7739
19470
8013
7371
5627
4345
60996
205774
23985
66404
57774
8772
10970
63866
5619
38892
13184
5502
3300
4541
13392
23026
12089
3197
17673
8410
11229
1661
4934
42654
4413
91689
19766
10357
15618
40681
14153
61794
8944
12244
10522
341
8731
22644
19212
4887
6134
13946
90448
16569
86908
21853
27533
15145
14892
11147
6601
9546
16562
42614
24515
41884
4860
22064
26708
8024
11690
43413
6251
39286
28751
4290
2160
94337
4210
31637
9369
39287
25574
31826
1684
34261
14288
30667
1682
73280
62285
9304
205822
1041
27410
8645
8147
8837
3740
17854
9338
17486
27869
24510
60568
10263
21025
22470
15759
38191
9734
9212
6154
74717
51976
26724
31144
6093
16499
4958
90198
15705
62049
6233
8416
7322
6403
36853
5793
5205
11352
5264
14344
2790
21349
26483
22131
74433
17965
4361
13266
80916
29064
29162
2170
8926
23791
6322
2155
22958
22779
1421
21692
2670
1171
10895
13550
7794
85730
7385
1451
39302
45047
9150
33753
1774
7210
5141
17932
3162
2491
13251
5755
51072
23331
5794
20377
7629
45453
16778
1955
556
37827
3058
5413
73219
22013
30097
1833
8475
5203
37556
689
4729
2599
24660
13139
4565
40929
66249
7278
10103
89616
60743
21777
7389
55274
34012
5780
12954
32258
10724
51899
4736
3988
27129
44305
94858
1266
34049
4002
10545
5846
31488
39150
32916
17785
3996
1026
2846
11762
17650
9017
9226
6687
44984
1242
36597
17535
11946
8872
69267
20732
16516
34755
16201
2676
48360
44550
13165
46243
17161
15221
36557
5120
7780
71188
10876
9417
35719
30745
5692
3446
11587
27293
35247
4384
1732
17652
30969
3984
14347
5197
25299
32907
6198
12261
81120
9885
4489
25474
5633
5000
10705
17843
12850
14733
21256
24230
17078
95587
29112
3505
31129
59824
7898
8670
7474
4151
497
6934
19577
48468
70153
4442
4286
50555
1002
41212
50622
31875
11902
5108
15092
40358
5935
27915
14059
64941
25597
26661
4980
16436
5889
79993
184883
7054
2128
2211
5137
88442
48570
50812
33735
72049
6899
69958
50030
6557
46505
23506
27313
36182
12726
21849
36213
2064
10999
32061
2695
27153
23726
2967
53269
4175
12936
1506
4761
9663
6602
28830
23360
53865
16947
5808
2998
12912
9737
11065
7789
3806
3157
29031
1760
11671
10324
21826
4270
13973
33196
172064
58751
15708
15697
4945
8072
3234
22080
759
75740
3753
38539
13262
325
43900
66396
36899
7478
8987
1773
3507
7875
9645
29997
19591
43070
86521
30174
4003
947
551
23310
3047
11605
16005
10457
10378
80457
94219
33342
43874
38274
5807
11717
69441
1249
17515
9548
61476
11668
21405
9997
7246
3588
17268
7048
77991
37384
20834
5152
4732
5985
27608
1255
51514
9607
2126
1028
8827
15773
17476
2084
6356
29571
14280
12187
15162
21297
17397
3601
1202
58226
73595
23263
6206
24138
5896
10424
72906
7189
20296
54991
77318
11436
80058
95210
50490
27952
31364
4703
16520
38729
10147
76659
1537
91585
4601
46930
21094
5263
31997
9411
24453
4701
20960
24505
58496
88870
2738
5708
32671
394
3448
2094
8155
33385
49721
40751
7926
9823
11706
33356
41882
17884
1090
9011
25050
6065
17592
17501
54376
50826
43249
2879
47010
8736
82105
22028
63844
908
5064
11140
6011
30226
15353
84906
24197
4494
74988
7770
6642
11159
21472
14973
12180
28999
22389
7581
24634
28219
39914
12636
28770
4048
25708
11851
5732
14103
3993
8521
6539
8050
10481
16477
12836
80557
16772
5044
69892
26370
6441
1254
7148
9481
25408
53236
42634
46590
39051
8341
14311
53354
2141
32862
4168
30101
6843
14746
70212
15049
90274
3787
10899
3608
5674
66885
41836
51509
12929
6803
23801
2799
89838
1653
18028
4904
18948
4154
2791
20576
2875
26236
11299
66054
14372
4478
18702
23557
25428
33424
41288
11878
73892
3946
15969
13881
54350
20536
1762
16469
14692
56368
44744
15609
18053
47551
463
40876
7374
37761
28677
43561
12153
32471
2884
69501
35293
11034
25968
2443
24822
80524
37602
960
24535
9637
26008
14908
30324
3126
15427
21144
1708
93
20409
7415
3702
84244
74593
49256
31057
3276
9947
12755
14809
61114
6472
5944
8516
9758
14519
11434
3375
36397
49809
28949
18597
74397
34105
43997
95215
5069
5072
14762
25122
63492
50056
5717
23806
43719
48074
32449
24749
7945
16095
13351
14384
36249
1027
74361
37429
24628
13217
11686
25914
59267
20379
8436
26651
15029
2145
8472
28694
38068
12707
5579
1533
47216
34426
44078
29612
794
25103
14031
18826
54419
17374
53237
7019
7757
21685
10723
1071
31358
11326
1124
2441
7587
3335
13325
7859
77754
33224
15352
19268
9596
7362
37331
12775
92550
46316
59929
3277
18164
95558
40420
27379
16122
5733
9633
67635
69908
18725
65389
3420
3378
20884
31725
17885
10358
5479
3004
8865
24968
51367
13432
3075
8553
7718
4106
26978
13690
18524
4448
6635
15087
3959
10406
9420
93868
53061
6638
15745
79577
4664
29993
3022
31600
1106
12554
2712
7265
1300
18564
64145
15402
34936
12265
23846
5303
18180
29725
6146
8286
41714
31410
11421
8479
1405
22602
6848
8307
14548
62002
11079
42929
2814
7551
6139
12571
534
5855
6463
45542
5689
5091
2034
52611
7014
4928
21657
48945
90764
36844
26139
39619
75458
45978
52486
8096
16752
6987
5029
62133
61678
4660
68641
31656
3493
6620
16910
9284
3113
36180
21419
41009
10675
16722
3130
5602
6748
46671
21059
7512
19032
39210
40186
74995
801
12103
11112
6365
4115
92413
56212
37676
34494
41046
11782
16624
11541
16965
32387
50304
8882
15197
65164
3885
9437
19129
10843
59785
92412
7101
7637
41579
6978
771
722
8928
7116
20477
8162
78928
75759
1897
2480
25053
12527
7044
29392
5328
6865
3370
34766
17795
50361
3348
60735
77450
36464
70049
13429
80314
89497
54759
30175
1340
21477
21420
16744
25958
40352
7137
52784
8492
13725
1375
1014
7883
32872
8647
19002
3118
32271
31739
45573
25971
7899
22127
48887
1710
38605
1977
35577
13699
24763
20482
28562
11614
62321
70755
6447
21435
12986
55818
3331
66244
29751
5685
12492
24305
30647
13572
39930
24247
3387
5529
3476
3576
53701
3658
5805
4758
7833
25117
62314
69976
17900
3217
10187
40453
37943
1039
11765
5989
9428
67887
21026
28662
33776
10052
9423
22903
16261
24528
15144
39629
10281
30663
5844
88300
29449
38829
7571
25128
26946
16672
472
87709
59364
11553
38304
53566
30343
32895
8957
7252
28171
45374
1377
19211
9235
8635
3311
12752
6323
15720
24513
11278
5032
65972
33089
51888
75833
19892
41915
95667
4307
28218
14863
11715
7470
41034
6995
3107
37435
19114
42793
6560
1341
83729
20826
22838
4338
20304
28738
63368
60318
13274
52275
14623
726
53261
36535
18211
38187
29081
5090
13822
44524
3373
11414
22728
17274
18560
19014
21426
60565
28973
69932
12977
11555
8652
1827
6551
7292
13246
15124
41910
11733
12529
40838
9153
26157
9956
49430
3313
43188
10576
88183
38523
79049
76719
3319
12495
28125
45877
17102
42429
22355
20072
4224
3712
5182
80431
34420
1778
30778
12125
6325
8412
64138
3374
8839
8488
38935
613
610
22419
14128
19133
35044
1100
396
2677
24285
22320
4738
46841
18426
13257
6969
21850
2603
47802
3768
10631
52062
93856
59637
42695
1770
4711
58036
78489
73130
11164
3752
2688
6962
16905
51716
82501
12743
4001
79712
8805
1618
13504
18716
11879
48685
21924
60997
1367
8014
17748
21139
18148
41672
11185
25722
41173
23290
45991
2326
22517
81761
11018
57513
27864
66231
14570
4440
21481
29435
16493
26322
49069
17534
51742
17158
24028
7090
25152
9675
11348
91342
12029
53190
29202
16838
909
6150
8454
4379
25331
73356
6826
3252
32497
3843
589
8053
7995
16681
19141
15897
761
11829
55856
37978
19048
29591
17179
18880
2705
3936
7798
3727
5173
5213
51623
83849
3144
88764
11868
6354
7968
2649
4035
6257
30236
20537
15131
55684
28879
55742
891
8583
14122
7304
70307
7731
91046
3185
2996
37539
69481
8369
35657
51923
10610
34609
49300
8046
4559
60282
10553
45649
10114
75693
47773
9474
73399
63464
35409
57534
21814
61966
8825
20987
77391
22651
3731
43996
3719
2408
15615
12895
8833
2481
41024
7164
69262
14304
9111
24959
32924
13497
29617
53405
3066
55441
71240
38283
36265
10277
23371
38613
1468
9085
1943
12942
93788
43613
9770
1326
2569
11648
5122
10284
42173
8228
20880
53470
65546
36746
91613
8692
4496
8677
8687
1795
33301
80050
10337
9562
32760
20257
35862
11218
20961
22637
9937
6556
94480
57867
21756
3110
13864
13441
36630
5106
12955
20973
64042
5251
94834
48741
63174
13655
4688
3024
69917
4010
23778
68957
105222
1029
12388
2697
31547
1244
42962
50851
1546
18503
4209
3435
18071
208861
26566
15999
55275
33153
21107
77518
51076
22707
47732
37566
9331
9033
627
44127
4716
4687
4796
16049
6564
570
5231
90573
11960
4947
1808
5526
21979
62912
8851
35623
48796
90660
6534
9012
3750
14129
568
47248
25966
40819
245
13951
20771
32784
38836
2043
10911
22449
12343
24186
35643
68291
33185
1282
19521
20940
37732
6187
11481
19278
79351
31184
8569
12298
39991
31209
55531
10112
2260
2852
13545
10702
1715
13745
46120
10678
89095
8431
5200
6905
40284
18085
19953
61209
226699
24846
31644
3638
21553
28450
1277
47159
31314
27018
74849
59182
404
1195
4827
10442
85373
14646
70338
1807
20319
43982
22188
15827
3299
13863
29809
66032
3746
10912
644
7596
65335
35344
14650
3437
11655
22738
25459
18616
3151
17316
2445
9879
1409
60516
2978
1612
67039
50569
2806
37603
4864
2904
19396
13185
14629
31989
49484
31157
1908
22072
42075
2630
27354
17548
24911
47013
43959
9500
738
20564
1686
21439
10222
28463
67729
30224
49310
24787
10275
10077
58267
26642
53573
12337
24919
3099
3154
13213
20185
16092
44137
26543
68463
8794
7102
3706
28998
61211
46956
20656
7381
30951
27910
17066
2952
2926
750
19585
29770
7038
10478
12888
54091
22985
79790
93630
4802
4319
3733
6189
4089
7383
6103
27423
3611
11024
12076
24459
7498
13547
33333
2190
23016
58385
15797
5417
41213
9496
20539
15011
9919
6330
42852
10863
78611
8648
8972
86047
75583
47959
78200
93142
6609
6263
32096
55047
82040
42763
360
3384
12150
52347
30990
14720
532
6319
31010
4575
83711
60995
16116
56460
1596
13394
9906
6039
5872
40885
402
55709
4327
2623
33113
684
22882
1924
3297
79046
25627
10177
65625
82651
25557
67585
55552
2987
9236
12317
86853
11227
6603
7647
3061
17991
23986
14660
11776
10840
27457
9526
66324
60814
29041
6277
1860
7423
3289
47264
72611
23737
11973
8874
4443
10814
1547
1634
19936
18997
45035
7482
13254
7665
19175
2017
22530
3069
31201
72371
91566
17047
3410
3393
3558
6019
13509
6473
25503
27325
5282
42293
12505
7160
49765
49520
752
60010
12258
1931
7179
9923
23547
377
36650
56253
2473
12082
26824
14852
3060
49878
22091
68094
58699
1736
23098
13085
10957
20385
4499
10403
16786
2602
3621
15280
68473
56105
36737
47953
15560
14443
13356
35487
55288
9370
4679
28392
8007
20160
20109
182349
1850
36652
10852
2368
15072
2244
3278
24746
16480
1271
26624
1957
18549
19580
1347
70093
53836
34002
10853
20368
60325
456
4068
10578
13981
19130
2748
5706
5818
12538
12080
37915
7249
46611
22005
9227
1154
46318
7553
15294
26900
9813
85763
10400
50415
20772
15876
20791
4268
1745
15568
57589
93665
55213
35711
10327
5404
5467
42216
22847
10728
13980
64219
43240
8139
15975
50921
9501
14429
14520
26412
22613
2586
48775
36268
65269
3847
26564
2344
11173
21323
18926
10213
4530
15559
25258
12771
45404
69078
15656
5832
56671
41372
1289
67284
75054
22052
7241
60939
71433
14097
36042
2532
3593
25616
21541
5736
20999
57573
507
4495
5362
23104
35141
52006
23495
49211
27849
21992
14989
35145
24481
20752
68218
5800
1665
65042
2479
2232
40887
4918
34748
40104
49189
18349
26756
2332
12621
21078
5372
92861
11087
25423
95344
84267
22258
84931
2495
11010
21952
5371
19307
16037
40155
28997
16928
12370
93222
18950
3477
84776
600
22558
13998
13317
72805
17561
24179
1691
14993
2158
12650
3602
10459
52933
22433
16058
11740
26907
10883
31318
44588
3581
25339
61386
25192
20718
17623
43946
7135
5612
30684
2355
5449
13050
42359
29293
16352
13044
17856
69808
4968
56170
44713
38394
4303
18425
33110
33462
81787
18149
6641
8327
9833
2966
12557
16858
29986
74671
10472
21079
59671
55852
8533
13568
45189
9999
34136
26678
13444
25689
5455
34781
2192
1308
22502
22946
9366
20498
17896
63154
46843
12110
12985
13640
3001
4602
234
6456
15816
2085
18112
10318
4557
9424
12152
36536
7012
7370
28253
6645
1016
14089
38768
63663
2768
44946
19441
22172
35704
16687
8532
12162
47383
7526
19110
23173
9121
23733
16975
26534
19747
15057
14098
29926
4727
19251
16643
770
637
169361
2311
72547
76051
31409
21378
6637
19723
81354
28020
50145
3565
1129
2932
654
23214
12804
7192
32205
4635
41751
13259
38000
3956
10695
57536
16707
93606
31439
9761
34188
993
2953
1082
57496
26186
2943
38725
65205
5355
10342
55451
64913
62971
18998
7386
11591
9867
38026
27960
50078
23637
42982
5426
42103
2330
35232
34021
3653
74927
34532
4057
35124
38099
69355
2894
608
18420
12394
938
5428
14087
5268
2817
5283
38703
93122
23548
17741
31344
53873
77264
4833
17510
34866
3855
17664
53217
31118
21253
13695
15785
16813
9976
13849
39927
31230
4429
54331
9992
15900
1524
8160
10598
44839
34822
27266
49134
9628
13280
5437
8468
33586
31766
33822
18989
50731
3580
83592
7284
5418
12616
3057
3883
5712
52590
3281
6920
25137
10532
9535
1376
41560
28432
25270
7110
38762
71528
2796
2113
9884
40683
1214
19674
7454
19253
56087
26060
1768
70114
11176
26779
40513
72938
4415
15854
34209
3063
6464
18364
63961
43921
86990
2503
10997
9808
51372
8509
18036
901
20509
536
39064
2010
20897
36717
26512
1896
13975
52141
8443
12201
9077
4952
4437
93044
17448
19949
461
42880
11618
31781
60073
78132
23922
26388
4706
9793
23664
12431
43105
2014
26211
29762
41159
1648
84163
3371
8611
25351
9529
42012
53716
3486
14235
9441
28906
4757
13056
17761
199348
37998
21280
9509
6269
41954
90651
34663
13857
51797
34088
46695
39776
50143
31467
70513
30096
9261
1544
69393
656
23959
1487
16022
34237
1853
1519
11255
9213
6983
13812
26554
12718
4558
8422
18141
7620
2898
29413
52993
21004
8804
42209
21564
9201
25217
41943
26287
36119
9699
40941
783
26917
90751
74117
24040
11320
20827
11817
22977
81404
40523
11249
5351
14512
39397
9092
6378
9616
43531
33635
33944
8756
22805
5334
53044
9353
45510
83743
14768
41614
19490
13909
1647
48117
53007
47986
86491
2204
46307
13712
10437
46827
98409
1160
7821
6898
22468
10024
9803
23975
31995
13209
13453
13531
75593
83679
77340
8191
7734
24291
8529
22956
27821
32978
31712
43393
59521
56193
21306
65217
24930
29715
9125
5407
69817
5445
14562
13059
8540
3841
19962
2059
23753
20707
13884
29033
5583
25168
20172
8279
4245
6538
75683
58593
37467
26356
27494
12663
12104
39566
40130
29860
8291
2786
85870
29625
5022
26804
18680
48475
6984
22235
10028
29709
35707
27409
16305
35678
13838
17576
4373
4960
20595
26023
23367
2969
5287
17839
80695
8351
10739
32410
10515
5939
47096
34065
51635
39968
34358
93586
53199
1797
6489
18981
14586
13103
8156
36227
36345
14960
69354
6759
21042
31921
79342
18417
14861
19194
82978
15464
18299
3634
20282
20472
45388
45785
7849
3320
3839
62727
11465
415
785
85679
4617
10938
1941
15781
49172
49908
79220
15474
26442
13870
91788
14378
4936
49608
56571
62841
92299
6386
8239
59770
31617
3512
16378
17497
7003
26463
926
48664
5756
50907
8389
10560
26334
19174
30974
18993
38820
87363
34329
36406
12938
9416
5725
83902
2279
9342
33120
64024
70948
7776
23024
3438
30021
10616
7700
3618
42436
3417
36951
34005
44312
56558
7716
16534
65491
29228
11861
27228
12215
70521
11128
43692
159034
17603
14414
3014
47149
72067
44301
85871
99973
7865
24210
19139
33431
16986
10243
4639
30494
3087
33336
5882
81160
72066
11040
355
12473
1938
3679
51070
11745
5057
18008
10256
61117
73172
6672
32303
3964
94090
22731
4786
90288
8930
21629
28465
6958
11091
16734
9021
79513
57712
20629
5484
27958
20653
22361
15160
4800
78000
15710
50507
540
4866
2782
4378
8398
22629
6982
10964
31136
35226
44812
91037
40459
79750
67483
12525
13505
7359
10322
13301
83866
58460
6430
79706
38425
12563
87330
35378
57590
9882
57464
29666
12851
4954
4473
1265
78019
3905
3235
8981
13860
43652
48564
8941
54476
3922
1213
3053
44504
24095
2471
7511
10979
57552
16141
39017
41145
56860
10128
30914
11746
32251
4553
13867
12785
11461
8989
23259
8596
6554
33192
17334
1777
6741
29386
10618
19402
61659
48577
6004
17831
18509
27413
1320
45138
45569
13854
20692
39528
20741
29464
9590
6001
9779
6021
3531
75771
15595
30263
5068
2730
31930
2253
24219
11694
36574
95932
13458
8042
2302
80313
34274
22626
4599
31428
36867
26218
58317
24551
15401
14871
51579
34025
47164
6153
23661
12134
1227
53810
10528
4811
21206
42743
38915
32554
32896
3332
2655
13533
32696
2486
27516
88138
13282
60467
36418
20910
8225
48325
25940
14604
572
72361
32328
21103
13765
10749
8198
41489
4905
57152
11028
2254
31244
10742
43000
38780
14006
36246
15882
12558
64133
15299
79201
49936
43088
15175
1314
27567
2012
16471
13468
94096
15861
15593
52562
56986
91360
18806
66473
21436
28049
7556
4481
6754
67022
90692
66719
69570
35669
14553
2944
15727
54874
769
39067
25832
40490
2789
8982
6669
2619
14808
33728
27551
14619
55006
12143
9657
11061
11014
9716
36176
56588
52945
42939
12140
78869
18170
31084
5193
26666
18301
70795
22754
2794
24460
63880
64455
9466
36016
15176
15836
19946
5151
48225
20006
44193
53146
7705
88919
81047
16593
28263
12760
7315
46311
57757
2341
52893
34030
6418
12149
7825
47493
4920
26790
36311
9128
10583
82687
5270
35538
15977
10226
358
42564
15115
9067
28449
9133
83198
1979
13273
14870
60273
11090
26793
58574
40397
36369
69983
20003
12234
18353
7593
2635
499
4836
85632
6347
15814
12623
9668
8771
23596
69359
25023
69427
84368
43117
50615
10898
34169
2376
62262
38285
20610
26540
25252
75549
21859
5115
22538
53380
27964
95772
14482
9444
48551
45347
11242
10813
37309
33877
28610
11560
79213
20105
856
50441
60991
36146
14088
17068
49671
49625
2950
17758
36627
69107
22154
29297
36472
62151
4621
1644
4069
8366
15698
8344
14596
43161
10684
76471
38835
61594
74442
14822
35901
51611
64904
10250
6253
790
4438
8534
20838
45920
82428
28365
17503
58222
69630
7441
15373
11189
13131
12296
2815
13001
22743
21773
5318
1322
12586
4457
62762
18932
32719
22909
57679
44769
23394
31972
17730
12690
7324
5210
4653
62695
36501
21693
54102
20144
73808
5802
6060
16097
38982
5562
15667
31256
19195
69084
52960
75278
25499
5338
8606
19185
62259
25682
6863
17936
46290
57049
47944
3718
20569
27795
56723
29152
4030
8626
36450
32218
42683
23012
29273
38775
48892
32023
5222
52697
52838
6952
8074
26863
35590
1457
13163
31888
37459
8836
87145
83525
2213
2860
29292
43831
23285
3392
38074
8218
29752
51950
86090
65690
23368
7234
22876
5816
59308
10297
5728
33580
37458
71629
33831
16119
23805
57724
7838
74324
99449
17759
2885
15888
62694
3174
5927
20641
2595
28340
11977
270
94956
22987
64375
19321
47338
57596
62316
24173
11486
16899
13162
46028
2517
38930
20113
89932
14971
25175
26254
7693
69283
49877
1073
27224
18859
46283
48409
22353
19913
35479
11261
11873
75544
31294
18172
14045
70097
92288
83345
14242
53513
48336
10267
54233
20010
8766
5170
16699
6646
1910
2091
3434
33829
10278
5767
15843
5687
34114
4771
73418
7463
22872
3589
60578
17058
7317
58384
51266
17284
7916
24370
47355
5096
10299
15540
43967
7956
800
3790
22756
39760
22327
2077
79304
11143
22379
42284
22895
8395
61161
54789
19331
6593
2747
930
16435
13786
4105
187163
24771
30146
25730
232857
12510
27664
18522
15942
56745
24033
416
76303
58105
18934
20863
20735
61946
2873
6434
7912
4589
25181
22458
73516
54621
58423
10493
19951
1007
3678
10108
22440
4284
5380
3132
1145
66420
7569
13804
13760
3360
11957
23057
12131
5621
23304
86330
31792
20382
18347
9980
56518
18827
78956
16644
37310
13764
7099
32137
39095
9194
20807
22690
33761
23559
64485
91986
54157
15273
13197
16522
5578
81062
43949
65757
5219
43660
1579
11378
7542
10551
8114
30762
94932
41491
33853
10747
6519
26344
839
218784
34569
11982
15518
14976
54797
18837
2934
44404
61453
23704
15845
3054
51475
21928
65088
66217
25162
5629
10960
8642
20488
46855
45065
12034
11316
3810
28041
38004
33633
828
20361
6501
30551
79260
90563
37887
24869
16594
15943
10356
25749
18643
32008
17643
52532
29851
3397
3187
16456
825
25062
77528
22336
43449
65109
75103
14472
68395
49684
15488
25105
11293
75040
33041
9231
2321
42174
10758
15100
3176
41244
5514
31606
17560
57357
1268
9698
5615
43510
33324
6544
24965
7651
90700
19153
9312
22627
563
22306
11767
6599
64673
21213
12160
7805
5676
1443
7418
6107
79077
56925
48184
69050
5473
37593
13223
54934
44474
90031
9741
81194
16000
14682
7082
32049
35426
39996
88367
24360
23181
88960
16826
21864
51103
91330
16653
68600
12448
14419
66967
80483
419
11534
9502
10248
5934
2575
25455
69308
10201
3282
15808
1563
33218
1488
72091
38398
19368
7733
12090
44182
7481
33162
24375
53303
15864
57890
8334
27274
23185
21027
9469
18377
61738
18890
4507
15824
23326
1840
18389
44600
38628
2625
5994
51748
12948
12100
10487
37088
31584
34716
21562
22418
71761
3684
6262
31901
17126
52273
9626
66559
29551
28356
17696
27841
19318
6396
36257
10190
5399
5900
13080
20677
61342
17742
78766
27028
37734
23119
6122
58623
26750
21986
5856
5840
48007
29738
11601
10503
9975
42339
24887
16979
63893
57674
60122
33259
18383
27693
11646
80785
15227
13687
22238
6627
24903
19111
9757
25468
57739
6184
56131
28014
24638
72473
11474
25140
34584
17744
10772
68422
2769
27433
3216
22084
8704
10000
543
19411
33570
2247
6879
6285
12961
65618
14166
69321
61558
8589
4460
2533
62807
8888
30968
66690
27632
46696
24677
23437
8445
4196
28701
48604
13019
4344
10279
17117
87999
94621
15700
23880
10764
65338
16631
54953
45163
3965
47999
8600
3015
7460
2906
59080
44734
15790
31349
42275
27757
15769
2249
47062
7982
26202
16321
87265
47163
14703
81645
17279
6176
14402
9110
18763
218940
1829
19468
17925
2438
3365
12421
29269
10219
53004
79098
13691
5880
44582
19670
18153
3583
21498
63442
9237
19688
11280
36990
17263
69208
12217
23317
14078
52847
26722
6909
50492
40387
53782
4710
28592
24366
54404
21000
61483
52871
63661
4274
16183
26362
2054
47975
88274
27948
16963
71512
44788
3401
73360
29679
61878
11304
87828
10130
70666
35140
8355
59177
34797
32835
25006
1815
11898
31961
1194
29009
68015
11542
43568
25571
54261
88324
38247
49096
41992
10346
5587
70381
16351
8962
78349
57683
84228
32237
9319
80900
81779
4516
13797
15096
6295
26715
57708
12207
6662
19325
48818
56161
899
25890
1157
11402
25930
36004
1820
30036
5606
69540
17011
10835
2500
32603
32235
75151
6220
58305
58651
35463
38999
26037
14332
50998
16417
55581
5443
38797
17880
18484
22890
23047
87600
8487
20770
52640
14590
31098
49817
26065
12958
22487
16162
45328
19959
51891
48205
79841
66667
521
16040
988
61759
37656
35035
77923
34120
69684
17919
31080
44186
23716
25063
20671
68810
1552
8034
78589
2902
1012
6244
17440
60658
44023
44292
37722
30653
40726
15812
10065
9722
30037
18084
4933
93409
22562
12633
23239
25119
32944
1319
47445
60612
27122
4452
57836
7706
4902
25570
40718
11751
77312
22659
12731
74250
6587
10030
13211
27482
2218
29921
18622
6428
8152
30906
3200
5684
91821
8843
1388
14975
21031
2511
2573
22484
4573
13683
8702
15748
6196
11447
50247
11895
5248
3761
626
68565
22916
9023
8379
42705
39931
63106
44298
9109
6342
831
9071
47632
45900
23674
38012
12784
76545
16842
31544
10873
11897
18773
72150
3428
2019
18194
58616
49419
31610
60667
44587
10793
63198
20139
5925
2522
46142
83201
1356
26571
14441
13066
33331
17272
14840
86840
11909
30230
20714
49068
17594
3161
44952
13344
16034
32879
39393
3539
76531
1763
11543
4299
9205
3604
22981
9797
10892
47588
84664
13969
15932
3395
70219
77463
48886
20505
14178
13160
73180
90609
13200
5865
17755
56623
5196
86522
95718
21417
84069
1871
7299
29377
58085
44443
5049
76278
7155
2439
1003
33922
9084
28173
40125
3253
71877
59653
194449
16901
2263
18715
34786
6577
39141
27965
52696
35718
37886
30977
89649
31490
18212
67988
3390
26569
4890
4661
8167
3152
24752
14803
24734
21736
54589
51587
74574
30364
40506
18415
80992
79232
2656
31797
89092
55687
37730
15476
11429
16148
11194
27536
26605
10491
15052
50457
32425
20328
65923
67955
7955
8664
18553
1068
873
55931
72346
72216
48930
57250
11918
31114
38488
10053
77011
68230
6044
1422
9610
3803
6306
13310
33229
79388
4777
25902
1258
4356
55046
79321
495
8992
12376
8752
6829
58278
3067
8896
46420
509
10744
79182
16042
595
19335
1317
7429
5610
28317
26040
17441
71838
34157
10936
52042
28102
59987
43850
33067
14264
24870
5453
1119
2319
27651
1917
5414
75516
8163
87413
42824
84106
26017
4405
700
4545
35036
19186
14696
13679
15693
2598
73846
1128
27730
60082
1099
92164
59957
6239
33315
21291
64624
11263
75601
28561
3043
14606
12322
37079
5369
20887
9043
9485
13794
31128
47707
24479
11639
12642
42483
77184
6073
15369
6033
228820
20400
81336
10377
8535
1769
3402
8115
19977
5408
2131
65244
42000
43418
3218
11949
7645
17970
72390
22953
29397
7570
5681
76867
29381
31343
6427
512
43327
30697
19492
11962
6032
9321
84828
84271
33188
45447
11728
14489
10083
73732
4518
18017
33824
35007
7107
3413
66034
17462
67234
71553
52295
8525
39736
3242
13654
9286
1711
50226
19000
3659
12193
5232
30863
4291
36981
4917
18410
27335
10012
57409
49825
77440
18356
21154
28539
37395
38575
38905
24221
32024
33911
18567
882
47424
6391
22281
17717
16240
6814
30171
13385
41153
26878
23907
7440
45824
2156
29259
17600
29887
15611
52877
17399
21989
40001
58276
16876
2373
20458
28161
22335
22128
5125
7601
3813
8453
27043
41163
24987
21614
16327
45975
24277
924
6373
3498
41320
13747
19633
10727
8848
19478
8541
6022
12379
27467
58364
27420
9754
23911
181911
73331
75243
59340
2433
5384
9586
45941
20179
7297
14552
49534
61911
16079
14598
12810
10851
48010
34344
6015
22643
19197
21549
23157
54641
36349
26679
79162
66203
87101
14048
21389
18804
39257
68429
12263
7769
10779
3920
28924
19654
35027
1821
52783
44958
8938
66560
75335
63606
40551
3796
10761
19831
51292
23343
8591
7487
47993
5227
16598
4169
9891
28470
6267
13238
438
2432
2191
36712
28957
40481
73883
39557
63094
71451
79636
24606
14610
62447
11917
15313
14352
7117
35849
7827
6042
10593
22634
27435
6083
16559
67752
1218
71655
5698
8895
40257
58017
38170
56114
17199
16077
32819
9951
15171
1541
3875
50086
4332
49875
20971
68312
63297
61527
2383
8597
68349
15240
89328
73858
9290
72240
6929
23336
19100
14978
48020
34942
64057
14210
11718
76229
60988
92962
8303
74670
50534
17769
58776
6491
16275
94589
21106
6802
23391
2421
20680
7354
71764
31154
6618
47181
73074
49029
47410
47366
52232
82400
33198
44204
16568
71999
2274
98287
22373
9538
1338
18302
451
10229
24001
30245
79751
4992
28565
12675
2816
50062
51275
59187
56225
68502
32641
34890
31926
1550
44859
717
1859
62686
12674
45061
76669
5875
36014
7496
71679
31058
40179
1369
1312
20484
28497
87464
32282
46692
10162
11748
77285
8396
22405
8274
7442
65079
3322
11754
14064
1944
48794
18661
65001
2601
12567
7752
12530
22532
76674
45726
14624
2181
16015
26372
13638
10968
433
3026
53314
10298
725
46847
46899
8425
50167
15043
4693
79165
5549
59665
6916
14142
16379
60950
28676
81123
11192
50233
49416
76818
25662
25884
24735
18533
63471
38838
14220
66976
35021
21506
80348
15137
28208
35288
37813
21433
5089
9101
10034
5634
24831
5575
40588
10859
11669
27850
45393
36725
4806
85236
5628
16524
8913
24596
8076
37043
6550
26019
2652
12619
19898
7146
11886
8662
10307
4420
26838
21612
56885
31236
36616
31265
80037
27121
14086
13648
63954
39499
15672
29918
41229
29157
9450
55249
76775
56660
3911
9493
18132
21325
4104
9638
66979
47453
5059
52597
5402
1482
9089
21241
58016
52059
4501
41771
8243
18746
35114
64650
74568
10261
33996
82512
33799
598
650
39773
4246
11132
63822
7142
23915
11496
10650
11379
18020
50129
53757
45924
37993
8723
39907
12523
59286
37784
70221
7878
27119
21734
1081
10570
15329
943
2197
94231
7554
11763
94035
4834
24862
48810
8543
14258
25600
16743
41315
14387
78130
23852
61384
17579
87262
16941
30114
23638
65406
15410
21261
6774
33501
7681
51047
27700
7854
8732
28815
44887
12524
26418
43146
12058
48401
4131
69832
37785
53060
22922
3541
7334
58701
15784
42815
29838
34085
5004
1476
5605
35765
29933
3672
13556
17375
50838
16754
23697
69402
13923
16408
7778
47124
16386
47005
52855
4704
5028
24084
6405
2380
18801
26671
20134
15156
2994
4667
4232
12863
6334
30102
24625
15387
35441
23777
29331
38734
18638
44530
13179
13563
92358
26998
39823
97995
15646
16364
7897
14371
20624
19809
13957
31919
14781
49724
17915
29594
42668
49869
25917
7654
38378
18810
17541
1810
85482
76232
6868
46065
53613
36675
8003
30838
88321
3566
17287
15170
14204
9264
20708
2874
44030
17482
50402
29768
21220
20173
17818
84601
49733
27512
44157
15731
25910
49701
8083
81116
40084
23997
9483
29543
2140
18987
21043
51272
20397
22845
3272
3049
28742
15438
4197
10287
40136
1458
11346
86153
18013
43702
453
51967
32288
22334
42132
43910
93430
42441
53692
68052
23470
17638
10332
6941
13652
44272
89934
32368
38406
66216
662
2607
15767
17445
5298
9266
3168
9674
19511
8725
92679
12224
29419
6383
39972
17132
10862
63824
7541
6227
51476
41509
56179
58350
7313
9950
40628
20713
31286
39356
11106
16018
12969
5262
7602
30800
3423
40699
4166
37852
21951
77299
49282
14526
60782
10934
37272
20951
16836
51215
23410
11837
4973
2453
1419
88894
30017
24177
18011
1517
68672
40252
8263
16418
31153
45883
63908
49471
27745
11383
38028
51200
93088
33129
7396
36751
70229
13858
92506
74999
6380
26384
36159
12509
35672
13114
786
38136
22481
6008
24004
29512
68767
27900
52120
65251
64164
46532
68964
24508
26308
3286
23007
13049
3478
5738
24245
25629
35690
32880
24932
45643
41538
56900
2239
17257
63967
91355
5475
48148
69831
16837
64331
17945
15830
4979
47201
9020
47371
70656
21640
22516
7634
23573
62406
4026
3930
19833
11806
63278
79285
18025
11117
80330
59505
11994
49079
32105
5837
10286
46988
6546
1805
12216
40575
33593
912
15031
16984
30982
6328
7793
8123
4128
10662
3926
15431
13947
21535
49657
39268
43543
24047
46301
3591
33382
13161
1175
13027
84494
6708
56497
13963
28133
3427
5237
54703
21559
24003
15696
45174
9740
14459
16546
25212
2530
13945
37685
1959
8757
2114
7632
86499
10020
12168
40736
8214
37871
15770
48430
19463
7438
18652
88423
70534
5332
21035
4192
22948
4818
27720
18912
24469
7723
38449
8177
9553
18555
11621
34583
8561
42151
42071
36840
20627
12745
8761
25822
8173
37208
7466
55160
42857
24183
49639
25225
5911
30837
30918
17366
28712
27613
25690
4435
32524
16523
92808
51908
8999
17262
6670
10847
45621
37361
3155
11241
9516
11974
5180
47103
16241
25334
34636
79500
14893
31515
13188
87579
71715
7830
55771
11208
19267
43400
23873
38066
87644
33241
25096
33340
15395
27696
24166
16154
6844
66508
51595
20754
46595
2121
13415
9853
55950
33108
868
89681
15341
2413
8612
16318
9634
43295
51673
49856
19635
45369
162754
1363
41853
4995
7161
27376
20431
60810
91892
64132
14477
10079
29584
1586
73561
3177
13976
1982
11395
9782
1956
12825
56320
44900
11804
6232
34325
29014
76615
7445
45885
76319
47656
33555
50757
31337
22777
7108
13677
21500
74871
5312
9878
59487
19583
4666
21908
38676
63250
21593
12824
1465
73246
88817
19126
40565
53412
71501
36774
82403
609
71100
2858
69295
30127
3224
16338
47441
14046
8347
4699
12574
5730
9896
24679
18115
1136
6130
12154
75848
11500
34201
95114
73603
13451
51905
3499
44239
28286
55483
45899
75554
60792
3600
89636
24519
45811
87694
7848
34322
22740
36834
22274
33103
4485
21226
20087
2248
12548
28095
5112
30186
46608
17034
12964
35819
78014
9812
38375
24731
70793
39876
11743
955
20980
4046
16211
3972
41403
502
5956
25773
20461
13624
34602
16398
17122
33211
356
7421
30917
37643
34459
91145
22098
7896
15243
24715
26952
61865
42377
19388
42911
1694
52901
32852
72308
90044
4076
55956
53345
28065
12520
96735
10088
11901
25543
11048
39698
13803
53582
57957
69928
59432
68279
6728
21873
8742
3432
17612
79547
41794
16188
18203
19874
7573
91312
15328
2189
16946
76721
10433
61988
24295
17307
82257
14888
49325
29964
12500
19541
12026
19304
4659
14637
14785
10839
92266
19405
10195
36214
22709
21603
2266
20034
42414
6773
72783
6925
71802
60277
23029
83907
95726
21653
8388
28011
13129
19877
1116
29868
85983
65711
33791
54878
24193
54195
84744
24217
15529
31543
71617
10649
94170
40786
21600
30900
4665
16189
12832
19534
11313
40693
4939
50494
49748
9280
9008
74027
254
44629
43540
8560
15141
36059
46433
2304
6069
32948
734
71805
37787
20609
32147
30020
25306
54996
73270
45392
76387
62233
61949
96402
34911
10768
6301
24304
4985
2236
8317
40610
2672
4179
9515
22578
16545
26137
14755
55579
74648
12655
16821
75352
9163
67504
46854
50912
38259
15094
94408
67724
209490
4195
5392
20362
52146
47333
22305
18264
5310
17483
8877
64108
37303
42629
11871
4395
78290
75724
49798
16382
30251
25250
28232
41654
60738
20308
58783
46130
15716
24352
66282
10730
798
44889
5456
47983
16299
14065
9676
1187
24525
55502
23677
1678
59056
41554
5289
21066
26550
19755
35162
2041
35970
93067
78724
57436
2217
40624
16675
2826
30875
19247
28430
95686
49465
36237
43168
24794
70255
18546
33752
893
11236
8107
40390
7341
32898
31500
25498
21579
33848
9252
75401
17663
607
52907
8047
5757
4082
44007
43141
38490
36012
34620
6563
21415
39147
52565
50426
21946
25343
40295
11535
45307
70975
31941
54577
18719
12883
49907
2691
19536
35358
16239
15546
4622
11753
21739
10372
10838
23859
44702
1109
8245
27522
28112
31034
15735
13047
2422
6311
36982
10759
32133
34406
240647
43565
6157
49289
9052
44867
19038
40199
9566
2095
30177
44739
46997
65941
39866
26189
49204
5609
26299
13076
14165
9710
21427
6684
11467
61038
61544
2298
86443
7579
14812
17171
13382
21397
39100
9358
30481
53102
35000
35662
36053
14751
24124
17710
17390
11544
15964
69486
3690
11959
14714
24747
13971
95199
78279
17100
62667
65119
29806
65975
11495
18790
43830
48970
23566
42099
87139
173970
7268
12931
39949
5140
11880
18776
742
20978
11046
4257
4150
13366
11290
7839
18165
7211
10432
68829
19287
33389
62138
35729
30738
12865
37003
25736
86248
32726
15267
13279
33625
8220
6237
7515
93583
60518
10480
7697
23971
11119
19273
465
4079
13628
1834
14473
16253
25187
19850
33810
7811
46744
22151
34369
57064
43243
20489
40894
47601
54107
14272
64006
62043
9726
64358
1964
25215
32254
12545
36036
11493
15027
23878
18288
31524
92386
28519
13678
73908
37405
35800
5450
24098
1514
14040
15507
54099
14963
7708
624
15679
16465
47779
13442
26532
34493
14661
10334
27124
10123
49238
248
15002
17887
31338
36986
15686
2924
56689
41047
71448
31255
17796
58523
11771
85517
45972
33700
4955
24799
90118
77383
9832
23676
29582
16547
22711
1001
10415
32290
16341
5067
41592
23571
4459
8821
1887
4343
10877
19708
38361
17782
9856
81654
43390
59557
30874
46941
6972
21615
12277
27427
26324
30546
28624
25456
11114
48482
3665
11937
8852
1426
44183
76113
81380
65838
8232
75446
39258
34555
35604
5079
41641
22996
32477
64595
23614
82454
40945
16800
74143
11863
3542
14131
37416
34051
41720
13811
35299
43153
50543
19551
74669
7435
56317
34523
15164
42753
22206
50933
62288
55521
49426
66793
969
2895
46945
2734
70629
45031
61485
22933
4199
17304
9632
8770
3794
81757
24079
62639
3680
70416
11181
75658
27995
10733
40229
27446
32412
30537
41930
4008
1858
82926
54539
36605
15597
63404
7711
88519
10699
58883
2262
28459
26124
13004
20634
39049
84008
5439
22095
12275
73262
47508
2772
33069
6117
7686
52970
12406
15878
52589
74851
12323
35812
14469
85542
22435
18395
21637
3292
15752
28032
92090
32958
5118
41784
15390
52320
50138
13960
8378
64004
27143
35867
11640
21163
27628
37961
19627
2854
10216
1582
33930
5933
5853
49889
5877
946
22230
7799
50042
13779
21061
20858
61637
10386
4981
12092
61671
65439
31609
9828
37481
32201
28239
48407
71015
69765
88943
28617
61958
25771
14050
4227
11287
57514
32107
75503
34317
1738
14833
48727
70161
45887
38606
6026
44602
26762
12167
6364
29182
31341
80747
12132
80870
24254
79742
52953
65794
14528
2052
16748
76557
73573
54040
52958
13030
18705
42513
1256
45600
50693
45276
14757
32380
27573
71152
14080
78976
4610
63104
8826
23491
20256
16086
24009
8858
27472
5574
16573
87701
77043
79180
12516
55968
35845
11137
28295
50445
4525
61073
746
34526
52665
11073
2641
27320
62810
18485
59204
64298
62423
35861
11220
32286
61304
29487
8210
1776
70996
18739
13613
10701
14687
3500
57238
48890
11327
39073
48905
36893
29318
8236
29817
27358
9739
60514
28328
35474
24030
22624
16377
51310
183724
36084
5721
90973
33664
28680
55492
22093
55503
42836
15586
36793
68369
32291
5357
7722
5161
32939
6716
35076
25806
46089
10240
15862
19888
25718
19960
45560
29327
38818
14955
19505
4263
14764
38460
40906
71141
47321
18946
2461
9781
29422
52270
15355
70278
75232
50883
4042
84390
1112
15218
11721
1781
18311
11604
25435
53923
8598
7638
39818
37586
4898
76946
17538
29473
81486
55141
93767
5401
46591
10184
7906
11676
2828
37946
111688
41773
73299
23141
10746
2644
28036
64069
18573
20260
9075
68053
4676
12254
10951
24852
75629
49618
62217
2276
18937
24223
30637
18781
69374
26628
36347
39335
78361
80516
37477
38528
10700
48616
20346
58130
10325
24363
2835
18611
87737
13226
32530
11223
41875
88794
48310
242
15385
19981
29106
33093
24121
80640
75275
10445
2385
8869
51201
54940
4172
47051
93447
10115
45744
59362
37409
34605
4950
20170
10754
20524
10634
26033
4260
15972
3820
7295
83115
30299
95095
3605
18677
38738
10674
2033
71686
19362
70514
9811
63079
47688
79037
4360
4056
24772
6784
26194
31183
8651
76526
20802
7419
7924
9888
23919
12887
25199
61405
77882
35912
18664
9542
87606
3288
25419
26805
2396
6973
24382
8187
3997
50877
4644
47955
5852
3831
39439
20195
38939
30087
21684
3703
16035
19754
32229
61816
2541
32210
34711
64135
34327
41960
89254
53986
9100
48700
29450
69268
10230
36628
69777
13948
19001
13378
73254
19707
46159
31192
74604
76500
14560
14794
38563
2910
95277
36354
7042
71422
19209
13809
31063
9973
29475
719
3440
2982
8751
28000
43679
39344
5487
24496
12197
11394
86546
13597
22716
17573
14266
72838
23925
38778
35603
9517
46838
36414
2196
52935
10394
13319
88205
23935
19011
1226
12115
16561
39640
76902
19024
81987
4450
5659
1988
12482
21898
80158
4439
10953
29026
33320
26398
1274
21998
14910
10288
8166
30138
12536
5307
21510
52733
42208
35687
11296
85160
36035
71101
60520
14214
32352
6738
9143
71911
47984
23445
14240
9874
4982
7040
45261
10534
67194
2986
32484
7866
48372
23287
30456
11253
31950
2362
29100
19729
16558
2093
20843
538
13283
42712
15937
518
15866
64951
30379
82207
26084
33647
74302
62595
29691
8264
5299
20888
5770
2501
7946
12278
18975
4963
5561
12239
48168
16779
52214
7276
29493
40017
63232
38443
44433
11888
31012
88963
18990
6918
12759
45465
78118
41451
7907
3762
37516
42613
2872
13236
17150
27571
75706
10868
21408
56122
15007
52992
18290
13123
14894
66230
11118
8265
39644
17404
7063
50358
27984
11047
4555
77380
17764
16572
77107
24300
5788
6504
15153
17585
54723
6542
31979
27933
11215
52240
8558
75600
9158
37625
54149
19370
19182
23841
85286
16432
6077
56879
20342
45933
11637
30185
6851
3184
6986
11803
42328
93128
3663
89795
36598
37147
15472
88770
23909
88064
5308
7531
13614
5564
30884
35260
89079
17371
72963
13826
85449
13560
15902
20063
54065
26843
19761
22236
63391
38010
34745
35348
83650
47368
768
7237
56803
3084
31871
22283
43347
80086
44673
35106
78300
20413
18030
31267
7187
49259
31038
57048
3878
9214
60631
16307
76786
9508
859
12331
12402
23923
68803
14420
33970
3811
56769
24270
7444
87443
53831
22718
56248
44573
15312
74493
14022
53843
67533
20723
6478
6976
13866
56150
87773
6119
17410
3422
43774
45058
3516
6704
12891
11573
54294
11965
6457
29730
20286
79036
55915
23400
4233
4009
28080
75715
83719
40175
83290
3044
14664
7469
65473
30923
14308
17661
3529
10822
40161
20086
1646
60052
48524
20069
13777
77031
50572
49008
50100
30419
51729
77101
10215
8285
59170
36754
34275
33744
9063
23732
49097
4043
52298
42279
7994
58896
16738
63575
2005
54497
42855
23856
7671
15555
16529
808
10828
13057
11499
87469
41807
77913
43388
19899
27630
39437
18991
56679
24631
86740
34708
2775
31764
42242
19225
30606
4331
30292
12037
87147
15272
52300
57081
35161
8112
36079
21273
1251
7795
6625
14398
63187
17322
4878
19740
25892
11680
22295
28404
8023
16056
12462
27032
2704
42500
67085
20123
6203
55798
20849
21337
16368
87302
15259
51078
21228
57236
19904
38754
54588
6992
23111
21077
25798
23508
26068
27079
7193
21118
20942
78991
88425
53327
81598
2954
6421
20009
8224
37096
29712
5557
58084
25731
7393
41606
35022
46549
20031
31025
4879
8199
13002
67467
65950
18357
37879
13264
1873
84197
18422
59691
4137
51842
1674
74055
16501
8657
21113
56919
58071
22039
28103
14109
38075
53969
32881
63280
7227
25804
35146
24041
27586
9051
3466
79482
8371
93627
41769
4483
3716
26200
10677
44697
12306
30107
89537
17431
1260
24812
32370
5975
1993
17554
66882
282
667
80126
34648
34736
70818
24037
12953
12630
24530
3262
75855
30634
69112
91755
26183
41563
73507
38921
23650
22219
54668
65278
95369
22085
72694
46511
21934
155023
69947
22783
71368
1168
23952
9066
28395
17591
15632
35169
56470
94252
21890
13769
24888
50966
5154
24821
10708
37024
8917
13752
78741
29672
82586
5071
26477
22113
8142
6771
53822
9889
9744
21083
5742
44346
56134
14060
22843
30189
26968
16798
56142
5577
14641
38333
56445
72128
10365
14053
17792
1633
18091
44932
31324
6183
17458
93534
10257
22846
78322
9274
49121
18868
21844
55848
8052
779
24828
230461
22055
229888
8785
21240
73950
23348
20332
30475
17588
47917
50517
11049
9025
65902
19191
28346
8544
34323
30783
23311
25283
376
65319
45221
27292
15264
31996
14807
36353
8838
10089
47711
91250
16575
39649
4944
21820
28098
2504
10500
50949
81897
14866
70012
76381
23658
188807
4648
31574
38147
56106
13661
36479
31355
20359
72553
37121
7715
18544
26686
60528
11688
11452
14988
3991
93167
21207
72072
16871
11650
53037
2685
67821
4782
73735
43314
79584
8367
4909
4678
780
19049
35099
57379
21779
59385
2076
38591
3722
39834
18618
60854
452
852
12572
2225
30523
9861
37456
7984
17676
3952
10016
16602
3809
90598
10927
18983
11438
11667
3290
61617
23699
51204
53017
38403
48232
68632
4276
71214
14587
42902
79596
46216
13685
31391
17542
10046
67857
21705
10521
29574
3032
23564
8457
35634
49874
53598
8613
8314
21285
64127
54563
30006
9064
10755
6561
29748
10621
16651
24048
90484
26427
73801
41506
36118
53239
24927
23977
65277
84925
18300
32652
33251
52166
81253
74420
16447
57196
37572
34773
44752
70760
33768
44896
70742
6140
7539
13384
23581
57610
46277
8750
2466
41227
32052
13738
41020
29723
41052
6132
7797
45200
47933
85925
10168
28068
10369
23444
74773
84691
64454
8508
28556
57468
30133
22931
58377
52053
20895
12822
25549
2660
47063
16293
17226
9602
51317
16758
34174
20600
3518
7495
64798
36593
8868
3504
40419
88193
34833
7055
9569
92548
87972
27702
90146
47217
13091
91140
18757
66337
33216
3738
65229
9620
7929
17035
30835
9472
5761
1883
22063
16526
75419
2578
4377
11244
67283
24487
9427
70585
32971
29830
51121
19352
38141
13506
9038
26404
89018
85392
1253
30988
36526
27588
58118
18101
30524
5745
58433
56795
37754
6515
69744
18858
53207
34579
32615
38235
2098
25530
11116
12662
60793
5702
25223
50461
18805
8299
34082
22523
2897
16794
20967
57535
30760
71187
68255
53740
12995
46689
13791
10380
93531
8900
51042
70826
35962
75829
69567
24807
45912
37568
61076
67951
84817
47111
68476
100653
60531
4254
14265
17380
17693
47739
22371
12189
89895
24443
45415
38196
16001
55150
51118
34593
14702
24921
25470
14234
95239
42367
41224
71743
56262
47862
40735
58485
13175
28142
11511
22060
20190
40016
69703
7653
23853
29018
45676
4465
74801
3957
2238
61294
72707
28707
67676
13128
29545
6980
12741
25705
29207
33407
26889
22446
30179
5778
50125
15792
24848
515
71053
48938
18619
27829
2951
2960
54888
12072
13513
4977
8956
10752
4253
35751
56792
45069
13286
83044
20749
77632
12561
22832
82939
64425
21616
10620
14021
14356
46108
29458
14239
27667
44212
18186
57964
57471
19329
24573
88637
28782
59229
58351
24439
16066
49989
19948
87554
59915
92737
11354
30252
49558
54738
79724
32983
72290
6067
64448
11284
44018
33031
12904
38538
4184
20572
6223
9721
27514
62059
21288
9034
7762
1221
30502
38369
24315
22287
47353
71592
11730
211614
80505
39078
57528
71285
78457
43693
19569
17784
36422
75463
48579
15839
19678
34991
16619
34311
13852
14411
47646
6612
45037
6254
72711
3306
17384
77245
4102
68096
13662
36589
2771
48773
43441
32674
5594
6358
679
43645
45262
34475
12834
15263
29503
33023
37069
13575
16713
85366
27212
65789
87172
26677
7032
44066
89012
23280
92844
45691
85380
35546
3630
43193
5558
23451
86789
57339
19145
18927
18367
5031
5142
26295
10846
69898
63149
25353
14452
30644
23077
31036
6246
12569
1046
31498
52032
81016
47948
10231
15370
52778
7969
66328
35647
23465
9426
5777
4329
24939
13149
74634
72479
39163
41834
1759
48444
21080
36358
34668
39237
47460
26237
92133
18376
2405
92852
22521
65475
15444
71158
27506
16805
46781
1047
93764
5661
4050
3751
19317
9671
225356
19713
12873
80054
10683
945
15644
12648
10483
34827
28426
58075
44852
29683
3426
35195
53244
27554
66170
23065
33358
26613
10458
45559
22475
46105
66366
14695
21793
10409
94172
92725
50132
82220
2464
25583
4351
25591
40309
89077
17651
3268
16296
24209
21174
33283
37115
14434
12639
6528
26190
25424
4750
10530
53390
32689
66848
62871
89155
63548
74151
21454
70389
20181
37437
14824
36497
50792
53045
40982
73197
12195
21726
36595
38981
50374
40432
15671
14626
20502
28862
8297
103725
199404
61461
94509
5030
30098
42821
22031
13657
2871
15600
26436
23329
71320
4587
12984
19573
61389
5444
15886
37997
94710
996
46170
47785
75364
40355
36425
18100
55373
15289
3072
30622
26080
6064
20911
45203
42095
49365
66453
2992
11545
72636
28833
15423
26406
4686
8288
3635
14199
21343
20990
75810
9724
6420
23064
90747
18675
39746
11225
59547
70238
13771
4614
86695
25500
22350
10374
31878
24344
59799
2956
92031
33827
93865
22294
14471
8145
3086
28306
23838
36377
69237
15718
25201
68962
12336
14795
51815
33165
19657
64561
57262
86436
19102
1701
34802
8524
19355
65039
55772
23587
6245
219649
18205
2714
85901
8554
5677
30474
3227
50169
8925
26487
24952
37892
28481
21359
9170
6950
16424
18398
14400
12019
7533
43250
82989
5405
14885
15466
59022
24016
20117
12218
29812
5726
10382
49382
8190
32769
18751
5532
37352
766
3275
2658
27182
66730
3814
36474
51993
34112
22656
27695
22594
45871
23722
63656
17437
35073
77615
21301
73956
29096
32160
48119
39659
86697
82168
46833
51187
67307
51860
3694
11896
59774
4642
41100
16952
16954
15566
20810
42849
8090
9057
5545
4285
10454
8346
12518
44610
76147
7695
90970
40197
11038
78503
5501
46703
22016
49719
90100
59716
18233
67537
54455
16190
4764
25218
21236
55411
54044
23796
93827
29178
3807
77607
11309
54719
16839
40704
84554
31369
30351
88929
21627
9241
12717
7500
43804
33298
40093
27833
71766
35547
30688
30205
33441
43120
25805
47823
44446
14198
70081
7035
67126
80060
60060
33931
60554
20512
1559
69518
25544
49264
12361
33582
32728
58957
42615
62988
51893
22096
31348
13099
7703
18910
38314
9402
8714
52014
10203
49863
58124
61448
12645
4281
23323
27543
24979
30001
23912
26392
33516
70267
23477
21650
15604
27860
10320
14981
74869
81684
63113
38433
13422
84484
13986
46629
84755
39778
92071
51058
35726
38726
13332
33351
42065
46903
24541
70410
36727
78131
15376
29454
2103
9557
9791
55293
26772
51929
28843
27114
26759
2831
65582
17401
84076
3882
40956
29973
15386
13518
22166
13095
62073
52369
29533
39843
49801
36846
11825
91315
36819
14574
14186
70594
32263
95381
80547
26643
61987
42295
19790
50021
98432
34195
9302
25487
19498
11219
23066
61501
8695
6281
14061
9669
16300
28709
33244
33371
14868
7183
14914
53754
58844
5955
16673
40933
32995
63605
18394
93485
15229
6173
6705
15375
58755
45398
6438
15572
46073
16110
40495
4592
26558
207180
49713
89857
15973
29845
19930
23109
15381
46490
39999
62747
15121
16415
12259
93091
70084
16795
1183
27714
2916
77987
15463
10301
693
4684
53989
6043
23027
5947
36312
14274
6167
29755
42764
43697
35166
80946
2366
19255
81955
7597
48455
3455
41096
39691
27563
58111
2139
29408
88308
2322
44334
571
11344
64756
4258
33388
75672
21322
6864
8577
44045
32451
5888
5983
2101
25828
32156
66969
40918
53533
6459
11245
6835
9311
34337
51586
27690
6878
11658
13943
26834
89587
30057
47640
5584
24708
33119
20519
65063
6054
49170
15417
25232
28885
43675
40731
3083
20191
60185
27322
21485
90130
36591
9927
60145
48339
87869
29313
7609
19365
67913
13954
80137
2264
27596
66522
22596
88515
57393
33193
14138
8296
525
95461
14161
7255
31959
32331
24054
41929
29016
13343
9267
3795
65250
16249
49248
7676
52065
66977
8026
63335
24664
10816
38886
43853
66052
20683
10916
38205
22852
78425
42055
9490
20372
74828
8319
22384
24236
24947
1111
5908
43150
53927
43844
76957
51877
25642
49120
63340
2689
41582
15150
43305
65867
58152
60681
95999
20879
64539
27939
14782
67486
54397
22225
20388
44623
7006
62744
3023
7290
20357
18847
25950
36195
20062
34467
54177
17086
27265
91349
47501
25539
13399
46819
38562
4097
75673
23180
8506
60983
88838
25064
66762
9202
2711
11615
48308
78069
73661
53022
41376
19815
87950
47676
95373
74471
9972
17457
20703
53993
10660
24053
45538
6866
10242
56270
432
30986
47696
20457
64990
19425
48304
11666
62746
14004
31628
34874
62197
27935
21482
3115
3323
82377
1705
50732
37691
32381
60280
16270
19120
3146
25481
34059
39334
75649
20439
41195
59687
83108
45563
16410
30973
19524
28516
25083
19676
11022
22348
21762
46602
31037
64794
35683
1740
1291
77202
12472
54323
39137
13790
42169
35969
59669
12546
9711
19150
18209
12422
22318
1464
31243
49318
33957
2764
6497
36702
24412
26880
857
46586
5169
51915
16315
54690
33659
18520
2325
45668
5045
17067
35617
4663
27171
43328
26931
10657
34831
11872
39661
60322
15446
1397
30632
9395
74921
47822
61889
43204
66815
18580
74346
454
86045
55616
85703
12000
16662
27545
10473
20864
75512
45277
20918
34217
14213
36416
4267
94726
14095
19515
41902
9924
21733
80189
22270
79703
53642
23648
60025
11267
6698
21999
19980
29177
66440
69226
4259
16213
1720
21224
5570
9138
6508
1704
32480
5970
86585
43215
11620
64919
14079
44940
79478
58231
31647
95869
53177
133361
99478
96304
23887
69893
8519
59145
9694
46668
52167
22780
5682
34675
12264
28236
86626
32149
32814
18639
61116
10098
3827
7207
29436
48470
17641
75650
2364
93137
5550
19725
24733
27398
74443
24002
32171
14255
2252
20166
35653
34310
233737
32157
37958
17519
32276
34392
33269
229660
85266
79721
8743
37735
45670
17762
11055
40549
75425
94262
13463
22773
2537
78161
49703
43757
74075
25244
2286
7342
13522
17140
9019
33939
21835
9679
26351
5236
28001
61726
38272
37752
19961
22491
52453
6718
61646
15291
28311
1567
12736
3876
37986
36904
16769
56037
22621
33775
70898
39919
2088
74145
46522
26256
2108
23030
43246
13410
52967
40711
35248
40834
35251
16171
64381
23403
38946
94091
29131
8963
49203
5253
51180
36783
75230
8306
19464
1516
15207
55790
61228
35183
3264
8933
8423
32935
33805
58366
8151
12796
43176
41058
4863
55613
3316
72954
13303
60459
10956
13521
64528
29139
61232
89848
80466
21917
18009
41395
33578
26923
78464
40444
57807
6355
33687
9006
8282
19266
58919
37616
7610
4839
4883
95170
10640
23891
61921
58706
16865
53557
9200
16192
9053
13534
18504
9175
17107
28091
14727
43004
10292
38261
51355
13235
30152
18371
36571
5337
15991
16515
67775
73033
1101
12974
9790
2995
47540
71522
89305
43292
49868
30208
16777
56538
43423
35473
36055
46291
90718
24863
91212
61552
5023
88907
95793
19410
70761
88786
35453
87663
39690
5374
11955
68831
23197
23799
43929
26754
61312
87565
37847
13031
11778
40340
531
65738
25091
27102
511
20529
56933
8482
38339
18577
651
71406
29029
20851
64558
32597
47438
21192
10273
11157
48162
90535
48142
21104
16829
8027
28498
44202
82253
77881
5966
62183
58044
19190
85806
39938
30603
14617
55864
2520
68844
32673
1024
16479
25005
53750
19136
54307
7120
19860
20245
6014
5235
4766
43738
57463
29089
54251
6221
17786
27979
9257
54338
3999
29517
42529
17218
89413
37130
25038
80612
24755
52610
11527
17635
84212
32427
17999
8435
22698
7679
17546
14461
72603
19083
68948
81269
44732
59890
8315
11174
85487
31056
83286
74833
13736
3986
9986
36138
87033
39540
55384
6579
80553
82499
18359
54228
19828
20621
10345
20728
24824
28136
28488
57520
41618
20808
26026
38645
5288
14827
32723
89370
36319
34872
40055
25208
29371
23544
30258
49064
7410
6634
56267
7459
6871
44232
23875
18541
3385
54087
81231
70244
71029
7274
15728
21769
73911
42372
30779
17142
24117
3048
65870
26167
30668
28444
95179
19458
36939
37729
25586
57172
35728
14589
5048
3554
4983
79885
23137
22448
24659
22507
92649
46825
3240
14170
11433
54802
20374
18882
5886
10926
20025
5582
76068
17645
50110
29311
34377
48025
57668
48093
56139
62609
25114
4444
55559
52973
29446
4631
42088
30373
1480
63860
13814
41502
65909
5257
4893
10151
59312
20751
8755
2259
20366
65316
20122
2208
21945
40071
1549
49945
82094
41054
26585
51274
10736
36301
3361
20213
18873
24094
48396
41345
23982
31377
75314
38135
37294
21369
13101
30746
81555
67138
59276
25555
10907
18035
25944
1569
13341
18750
18483
71065
41652
48820
27662
25078
14112
38823
23049
11214
9298
60404
93467
56002
7244
47387
15666
19870
21525
14522
17812
31874
25711
71196
34816
17342
11064
68005
14343
15598
49928
10574
81562
1208
73596
25325
79858
15956
40988
34531
24200
63266
19983
34062
12627
46556
18732
21893
85606
57711
39581
85774
52401
49051
35832
9464
26386
62491
58483
60271
58780
84796
64173
68769
31292
35126
46270
30493
82151
16768
39342
23908
14749
72645
32428
34943
19588
14594
68144
90899
43022
93893
18219
30520
91015
29310
8547
79331
10331
60179
6338
3153
31841
13929
50123
11350
15689
31168
15648
24983
67230
48860
58502
169286
21990
76794
95502
94160
19313
62991
13337
25621
55917
94988
13181
18323
18182
25837
38158
41443
8703
79476
4730
50866
40278
49245
34094
66306
676
65496
15414
34727
60403
27443
39925
16366
3916
51024
59829
49273
48181
42932
57035
16890
14041
46361
3927
35061
56678
11270
23443
68019
9405
59988
4830
31692
1461
21851
41061
62643
22222
24461
50781
10255
30118
25371
10155
28621
10639
18462
11602
12610
72840
95217
58558
35504
30724
27852
21308
11529
84778
22392
82562
50714
13535
55264
36765
62833
46197
46888
40119
202201
22365
12626
94190
82089
15184
72597
37999
56597
12415
16360
36025
22307
28964
25998
6805
59514
27386
66577
2976
23894
59507
109007
95761
10586
79845
2587
34855
78334
38447
45967
22242
72624
10241
33928
17848
27034
50606
31619
37270
8324
42393
10505
5468
41849
3062
61574
66532
12702
205228
93132
22570
31713
6442
7831
20766
56546
29527
48187
14386
47277
68620
72185
58621
50216
22671
2418
3884
10501
5477
85186
1186
20796
21569
88884
14736
59622
4751
41480
17722
36638
57346
59838
10566
22445
91456
8018
30901
19123
94860
30919
39198
17454
75541
24938
28105
21279
39552
18816
4629
40085
7439
4092
4927
9868
7879
6799
5821
21307
18458
52516
37740
20056
22442
37809
7613
2335
9287
86418
69031
5695
14377
52742
27104
30264
21531
20441
2063
34952
13202
64130
27197
35308
65886
92823
81497
8655
33535
91268
11007
13845
79021
89160
15123
58730
25471
63863
78406
844
384
30600
14293
2545
46417
44717
14750
12321
57592
46366
45522
27370
13190
8483
60617
79957
12766
34163
85978
9116
26148
18104
18109
27189
30374
24229
12354
47452
4515
7862
5509
15585
30319
19481
754
20469
21852
14787
31699
23271
57241
9060
66029
47760
37430
53851
13455
72322
21672
21149
32304
55289
38690
43670
64395
88588
22778
20734
23277
6379
23118
60259
85354
78119
19816
95601
14077
13756
56092
72731
35995
29113
78379
6415
33779
71039
64810
3741
24397
41663
89009
20334
4288
26208
12935
55981
74734
29321
51394
74970
74179
61170
84634
34600
34077
48979
2965
21290
49007
62143
90933
6243
58142
10492
92216
30727
17787
4512
37954
6225
40622
24814
96172
50611
95840
98444
38232
51477
36508
64633
14172
19119
83967
20305
57248
38553
28894
23709
27572
31985
19407
50292
77249
36588
3562
20504
33905
81843
40922
47692
45247
4031
13802
18453
36967
4321
26062
20243
4041
85686
51368
1894
21054
23107
8780
66903
64422
1447
69126
76433
25931
24742
4899
46738
56881
63319
41304
3285
66919
21620
65194
69889
28647
19638
56280
90687
19778
67925
63091
92560
71160
20348
4578
36453
31750
29094
3045
52349
51220
22741
16100
55465
10208
19849
35864
6936
48265
57402
5438
24188
51642
23822
46882
3887
21121
25941
6787
37529
8169
17749
19128
79837
90363
5174
18644
82248
10311
10590
7904
37371
83262
45127
34111
18047
21716
50201
48784
22569
32284
42812
78676
20662
33561
11136
62737
19969
87275
79266
24806
54837
73425
23651
50046
43412
10204
87075
20175
58406
7437
67235
31462
52825
15119
25721
7059
18166
23255
21533
5614
92429
62837
27484
74992
4538
11712
16175
39870
28476
68434
68464
82537
15739
51273
8985
35002
10691
27953
22943
14032
78297
15487
13707
72108
20022
89432
5948
60707
68327
15612
32433
15771
42100
9970
52931
32666
74909
22910
93021
25224
18579
51666
45843
55298
2402
49664
50339
50861
23446
10146
5194
36979
48906
3844
26894
95007
17469
9859
10041
13478
18942
8129
49769
79604
72637
53749
13832
48215
86379
33522
34512
47580
4121
42117
16870
33801
5829
53596
19592
67305
11488
8001
7787
5921
11533
23895
38155
13077
20678
18828
31593
86414
78713
7790
63393
59116
39637
19345
49169
80234
35560
9036
1470
17738
12013
14435
84221
15661
20338
22840
65918
7566
63728
75305
37232
28073
94553
33332
30635
38963
52001
8910
33344
42759
60317
77885
3632
75918
46798
53174
28847
77717
70270
23511
16044
49272
10717
48567
44885
98249
96875
18760
58759
14147
14164
2241
12250
31130
51342
73682
34410
19660
1692
7744
4929
69574
14588
54132
52304
7060
18034
8275
35946
15349
23695
13011
18783
41777
16620
15868
2648
756
44996
15848
45345
9872
18285
51407
55984
56727
12272
33837
86120
33509
31288
59059
10486
8310
62305
2203
31661
50636
171381
22033
18820
53077
18136
22576
60275
59680
19367
37613
46075
17529
10464
85991
8526
84078
12968
44718
86217
3215
63057
3599
40821
22253
28431
51520
32823
33583
28990
29420
47942
32184
12240
31446
90258
69622
5906
78450
32619
33639
28458
59844
7023
33186
42685
18973
13840
80107
87599
9090
35516
69907
77769
17156
46184
27731
62957
53159
92255
82911
1018
3550
90128
3071
77972
57442
23028
53983
45765
21400
38200
54173
37627
42162
74902
26132
4996
15741
6766
22134
50698
41711
80842
38162
55125
5827
7745
89434
31752
25075
16067
90371
45948
31621
37252
33159
51598
10633
78636
17961
47194
41108
10778
15453
9240
30821
43523
56380
30377
4094
47728
25808
41412
28408
9326
8883
9990
44678
66744
39346
4292
11156
67291
1755
28461
14241
72720
34027
28523
21024
21782
45156
15495
22179
85615
7520
4951
21005
17369
36960
8545
17590
83374
35945
19028
32785
8979
8144
26352
1998
39244
17882
10732
34768
68037
18056
23194
62862
20002
24390
9069
9959
9948
53639
63829
19252
26380
22970
45157
25766
21483
62980
7157
27400
60599
32468
11571
9454
81954
44978
60236
39899
34141
31483
80287
76836
55130
96041
22229
97632
16475
17077
73957
4962
30719
3351
79174
58410
54747
1382
26753
13668
12581
36164
22902
88877
20495
4568
2869
3192
89759
12908
29005
8783
17789
26331
43484
9418
47147
20235
12794
14468
20392
5388
20035
7673
52341
70312
59793
14834
9003
8665
71915
11521
55338
70157
27959
2925
75959
93873
171588
7616
26182
7198
51953
24314
19178
27760
9656
76951
53323
58248
50707
19572
11899
25370
85744
29538
62247
70162
24425
5077
8141
4111
71145
92056
4847
10856
28857
35133
52213
84273
8495
24504
8077
52754
18824
47628
46755
2502
47980
37323
7172
38256
24332
12753
39506
28763
11678
73707
75515
39219
6735
34211
3897
18794
30890
5087
24527
36323
19687
26817
22149
38647
1789
63727
904
56397
27930
65529
73770
81715
42268
26839
34073
60564
52794
34271
68414
6867
29357
61165
67978
229337
42935
11075
15093
64055
26042
47764
27704
10710
89187
4616
34314
33713
48071
3344
5184
7615
79248
29642
36524
8717
13403
19598
22599
20731
5830
25814
11177
8128
17249
41944
47249
6859
81347
405
60180
24289
84715
18459
18222
20604
83617
47461
40548
28837
62078
78621
61368
2180
82680
30280
32523
3038
21879
22928
59610
34236
92864
61108
9273
18396
9035
80886
50355
15523
56218
18283
54638
4397
37163
176217
50043
28889
1700
19878
87257
9384
20964
67418
50029
18227
52929
32343
77136
13972
19364
5186
24501
25318
39846
33455
18468
30145
21869
59231
33662
25130
15178
4148
740
45896
8300
30219
66586
13899
6548
8065
53818
56246
44639
25236
2032
16160
13617
6145
76787
50176
20142
11393
53248
79024
6702
10686
92838
82644
12390
37277
84150
59069
51494
58587
27022
29834
20955
29922
9104
16202
12761
66514
98267
10441
75370
10624
1540
21806
19222
24141
4923
688
19832
53523
35562
7990
5080
43957
82760
15899
17589
3982
74872
95540
23428
58333
7501
24725
5588
743
22465
21792
2968
11399
12852
46083
84791
17038
5593
238
19389
7091
9742
50679
94497
2498
23485
94472
45935
10001
29560
74104
53990
21221
4234
11122
55697
84969
11336
78490
20579
41182
12819
82672
3271
16539
18216
15120
82850
50333
15486
4117
23070
26115
35138
16060
16789
39946
72735
29844
9796
43840
9743
24522
11455
941
26739
20164
12459
70340
6058
10579
21243
17971
24526
46230
7747
4463
26107
24010
1264
18390
13928
12564
82115
31572
16117
53861
43260
72213
5740
25835
89266
3537
43505
77676
62771
76754
7918
27699
17973
69842
27568
43374
8549
16956
1588
87819
30529
40976
42809
91581
46408
12765
18413
69696
36367
27974
43342
92751
42967
29457
65268
45693
16251
80277
25863
26610
32308
20775
11179
78572
15653
66636
31085
59349
238620
51986
6443
55558
12428
75372
25783
18985
16177
95342
29650
14460
4228
28072
37281
64234
80285
75222
18683
16531
10153
15189
56214
84640
7689
81211
49292
23530
20209
24170
13606
31733
14951
8679
14271
30686
19482
35907
77646
36636
30568
12464
236
231
17382
27997
43007
31943
9615
9772
20644
25314
12927
11291
36594
17697
54192
57155
70574
40698
70290
41778
30368
12714
26150
19512
4593
33445
80421
45568
6791
34154
11979
81873
75312
82382
53057
77278
39771
3489
37201
53746
77924
6424
39282
39728
51425
9767
4022
3465
25918
56821
32071
21183
17743
38993
35550
30285
95013
39177
8397
33094
24830
17492
79575
15003
69249
3461
36908
74649
22761
5078
15587
21442
31180
22676
8681
83212
59781
5358
12205
39811
28525
39412
39424
17972
35108
27344
29500
44518
25145
21711
77456
33062
8460
13511
5513
51918
93300
91264
44094
758
10343
96024
12542
17043
47683
96442
110646
103945
23692
47618
36879
41774
2907
28288
12179
12025
8085
6235
14542
13955
3642
65030
3114
10191
26222
45537
19337
22687
9272
11760
39470
89392
53735
28568
1184
26653
31471
2765
47567
65611
29677
23521
501
21954
90521
22577
16463
27478
35742
36613
17320
14226
7964
7401
19296
93870
28685
7010
37041
42092
67785
29965
16309
29103
6692
3619
56611
10782
51154
11626
25277
66254
35282
42141
74550
46187
38148
6268
10903
53435
34765
189816
31937
54741
27922
15298
59036
25619
8348
13406
14294
64013
3258
441
18830
18381
16609
54909
77423
13753
33733
89751
7506
23748
17918
39845
12338
4449
39531
49991
9277
62766
14197
17340
13584
30104
412
7377
89802
83863
4718
19671
47590
19272
50346
48971
9107
1557
21597
39441
73216
74430
6553
34500
82870
34380
4426
11622
33256
57149
80583
55804
56697
65141
29797
26242
37431
14897
44898
13862
51116
23851
11818
36699
16505
5991
79819
92489
43044
35953
30073
4077
78210
26548
4146
42897
17910
37844
55589
10087
4427
18970
19651
49339
29316
26289
16661
41332
73971
36169
36584
17073
34628
6309
49162
29246
63815
73117
8813
72710
82972
50508
18630
95362
26288
2756
1642
37011
2893
39304
22066
52502
20508
35680
38157
29007
72277
1907
10834
52039
60226
6552
30269
25264
14983
33010
59970
48037
12497
12460
25387
35400
20078
66347
54547
48085
33643
55557
66153
26493
89879
22344
75899
15941
73627
58766
31199
39074
33889
160981
8935
2369
24276
66317
29549
431
49364
90069
41933
16412
3994
58173
51733
4840
5693
54508
45271
16846
29976
10542
15835
44555
54697
55045
63118
14572
29179
52397
60648
3852
21134
80278
59500
8196
418
62253
43164
26464
45391
26143
17084
40921
11852
89621
15577
27017
64295
14950
24622
36553
73289
15789
63299
6639
42757
16288
23783
9825
60876
16301
83750
24422
28864
35286
18775
27005
33122
72754
35018
10003
40134
7941
40213
46797
95814
29086
62186
1087
68891
53799
6207
2657
6675
17698
14708
62366
23906
37781
41132
3469
35571
12126
14943
9497
11196
1115
14416
14678
20073
23941
12225
40443
25311
757
6600
2681
8840
11794
48483
928
4972
840
41104
26320
61195
14603
3804
65201
4455
56743
4036
43417
61939
17110
23117
13418
17403
13755
12017
13714
46161
22732
60931
93133
27421
22044
18960
9132
32998
88278
21880
78923
20479
16070
5959
39756
31092
4838
48608
49487
30064
49309
66649
16420
57571
27692
13396
63244
55114
27082
62236
48114
5891
18689
35116
47712
46728
3117
1456
26755
7618
34601
28798
48851
15896
7104
3868
21142
22825
72858
53773
8181
6292
9920
31430
39675
16494
28028
78773
63099
22310
18614
14094
45371
20312
31404
44041
59933
3148
82721
94381
11925
49632
35407
10641
9247
75751
27673
23191
48243
62778
54092
13974
49501
40365
62454
26122
11355
13439
57028
43208
9648
48113
27823
49663
26731
47363
49457
73059
2370
55619
55170
40098
46541
62096
15860
22068
82643
13759
3226
72099
60967
15308
63307
46431
58371
69454
63476
65498
8993
93174
37779
822
8947
60690
8795
47157
59124
177034
52618
60829
15711
82987
60606
33299
20306
50564
55630
53980
9560
78784
57933
79460
185038
79526
188050
30830
530
68589
2146
72105
62116
43649
41553
48601
6750
82898
4668
33517
60702
13486
65581
79027
18284
47532
13370
27602
27655
7895
13859
5699
27743
51162
15441
5548
14212
24791
38322
57423
17981
31886
53832
12358
28926
73571
93098
2327
68742
20115
87007
54254
12436
54388
85267
44397
20956
5065
67591
92625
72385
37047
14453
65298
48611
58191
21050
56946
50330
35880
26933
40027
26472
68935
19963
18924
37205
95707
46482
526
15415
46271
8295
18274
27794
46292
74886
46891
6713
3704
76358
27248
18044
83445
47848
87129
26206
60002
10643
78028
16583
27891
82295
12975
79114
30659
4504
368
75625
71946
2959
81427
86995
70825
76002
5943
56378
75258
63478
37160
41848
91630
51333
36677
55074
28138
48588
25221
31561
61107
59896
34644
66671
79377
52487
17023
76802
6594
20171
51480
6313
43939
39755
73643
40555
14190
9559
16112
44976
15026
73330
28302
90689
64599
78837
54277
82095
85904
51221
7028
14497
22157
15471
99516
17898
68857
21222
99445
98277
32902
27676
15138
24563
16860
39082
33295
4428
20970
29059
11862
6097
21772
664
48191
9181
35335
9297
28151
17881
31695
6779
87518
88331
55718
79139
71520
82431
18977
20183
28853
46916
38045
64604
29910
2437
10006
29588
11912
7327
11477
71440
60756
21089
7489
37182
11791
44314
68300
82287
915
21365
23086
70945
69631
17405
5710
64462
61928
71287
28157
57126
40912
57292
60239
54227
24408
58812
12813
72090
59628
91740
196829
44482
10350
25875
29234
31007
26637
89622
78034
32550
70385
13007
22513
44548
18554
76736
64706
84728
17112
18743
17490
4611
10969
9032
14007
8727
32735
26644
31212
26640
11931
15403
95422
9094
67745
18902
24781
67872
16248
57139
15772
56149
33312
87502
45730
30784
16964
64914
52662
4335
5261
45497
67038
2505
58984
78263
27775
52775
12417
10986
25675
21589
63173
19039
29169
51574
55803
9207
79987
9010
81454
80823
26153
91694
25209
93342
86528
44035
56240
39973
27928
85262
49763
64638
17917
92150
1384
96748
9340
64489
42732
14073
188460
40187
7261
18745
11889
95074
3137
30941
26063
20226
10033
24056
30650
31363
22998
95429
37908
41120
25961
8710
57550
31392
4720
9112
4492
26587
94613
41979
26035
21360
23356
8381
89109
6088
37935
64460
14524
50296
11021
43181
36445
3308
37172
25365
4804
43569
34250
47976
26699
33286
94519
42495
37995
88036
15372
5598
22432
14648
44577
51621
50147
21487
1594
72325
576
55692
34542
28689
53125
64360
10294
50656
8180
18175
56147
28958
87500
84497
10436
26232
15851
28820
16207
6310
188912
48489
24904
372
16439
25830
71989
15430
73930
94818
18491
28238
18656
38129
9789
22670
38508
10469
6717
1929
36165
42369
41843
25133
64976
40787
45299
26539
88144
44556
40148
17355
25395
31974
22386
82670
25876
61079
49718
7659
77850
3958
32364
18657
67268
47800
47772
35968
389
33899
18843
20979
13372
1434
74262
41924
38944
92332
91291
48263
42907
59451
4848
73209
3979
44218
7591
21167
60426
45919
3990
52977
56199
3046
64476
67479
28541
5747
37336
6475
71094
17119
70697
48964
26608
4745
26766
71052
6114
39621
23405
8326
19460
33644
215413
6824
228962
44810
1880
53974
46713
40210
111892
9140
18375
205931
60164
28241
68323
61672
45329
34559
28485
27560
6197
1884
29208
1270
23472
16574
20934
59860
11305
1091
11940
53977
6299
9822
63974
51730
26650
88670
54686
48008
26982
22441
39983
52573
24385
59479
8574
25613
65538
11744
34125
6038
82385
25030
38033
93631
64838
9013
86272
29465
66862
40835
42032
16294
62634
16548
39318
45632
7641
17292
39875
57576
27360
12965
10336
73402
4970
95556
32820
29138
2740
468
31975
45966
64483
62070
48553
38953
38978
35496
20163
30074
12997
80968
44799
223486
9650
92025
11877
10661
40701
11113
40585
29864
25668
75652
2988
11357
25460
19413
18930
33405
43617
54659
25426
20570
86849
12793
65489
8452
19852
21181
41984
14796
7420
36810
37621
8686
30492
5025
15219
18183
29149
46554
34305
35551
16461
12631
18588
14383
27352
19700
12161
665
91547
12005
45767
24604
93933
42926
25770
30626
34150
34252
43409
6653
32250
15548
37631
5762
22401
26820
28234
22000
20280
50083
36225
4323
64591
50371
37990
69612
91240
4354
25877
59140
23318
954
74153
22534
75330
48740
27281
38631
44777
2549
79661
15528
85365
54138
37882
65436
4065
96280
68567
58860
8807
38493
18878
3575
66085
30811
46663
36280
20643
37681
9131
12405
14995
18092
37890
44155
12494
49175
38619
3838
11704
9712
28215
31346
37207
65932
34929
40338
8552
16036
76588
2354
58932
15673
92361
1474
47869
35853
85597
23540
12993
7867
63281
28434
17277
53358
5290
27736
32897
44473
38627
40734
16853
39678
39867
22176
39245
46306
2346
18871
48832
3408
58655
49077
62689
6530
30218
16733
20155
79243
66102
85958
43589
46793
55375
85410
15822
36285
14318
39042
253
30775
85190
54582
71062
21344
1937
64385
9154
6804
58921
17191
3412
17190
18176
23600
88956
27188
39410
7151
61644
25780
31172
28985
22339
13891
2469
46616
12146
8671
29414
7847
58446
32508
15205
6775
23072
50697
5356
20676
46731
52645
7730
45306
71164
41955
19229
17944
44760
8922
30927
26091
62899
35184
57104
53824
26207
13965
25825
35196
15470
57956
24475
38269
35511
31312
22747
44213
28983
8335
37715
20011
86608
6208
41926
67190
94453
54184
50113
78242
15924
7726
15591
13555
63935
7314
37403
12618
22912
5843
57004
30611
41793
12339
29006
65393
49388
41365
27988
46720
32260
15048
8409
36667
32386
46288
20729
57112
61442
50073
8631
14260
52309
41760
8994
14651
18933
22017
60633
68892
38661
39417
66362
39367
9308
46412
66007
88295
16137
85864
50730
11643
46296
88842
60427
98678
25737
69484
26387
43445
20321
43835
39775
11081
22319
10901
8919
62614
40619
53196
17049
25779
2751
11451
22233
67654
6503
16739
48689
47774
18382
4746
5769
52974
17883
91068
9787
32332
92278
29350
986
8523
89691
6105
3255
11983
6726
15451
67095
17533
21962
1374
10588
83223
77265
47808
25093
28377
23288
16757
4308
13622
51644
23344
72613
2847
72141
19339
31810
8110
57450
54167
22703
27465
39446
34615
19292
24490
4436
34685
31308
51774
12515
32717
24303
8637
39271
14176
31403
10451
49320
2277
17840
14523
92974
46655
26760
9809
50713
27227
11440
7892
3198
6470
19844
39328
90406
4524
17805
23812
82388
43884
65363
19538
66172
4374
8200
3754
78552
38980
48219
1637
19312
8308
34468
12253
1651
63243
26271
33161
8660
20238
25818
14826
19086
70292
23382
32848
3534
15660
26943
12060
10431
27204
33254
56964
15069
38715
45092
41135
69788
19231
63330
20314
12697
63736
11071
39604
62047
18865
50763
57606
92829
24701
34674
51422
17054
15196
29480
76939
79726
12188
76684
86827
32227
68887
52200
56455
82975
39148
58828
75988
58742
70193
62512
18440
25523
82251
71387
6757
89728
47533
3603
50767
21664
44101
72328
61562
71050
29491
58533
7642
12475
21412
16218
15019
7525
3037
43015
51216
26565
59869
56373
76536
19264
11855
3265
39707
66365
92526
28327
55897
13950
9073
9909
18974
57559
46341
50410
10137
28305
94904
28456
31097
50178
2938
46987
21272
61446
9371
52576
53867
21333
10217
91101
52810
55334
9162
22308
82819
2567
54205
24123
82464
6630
57670
51989
19256
42466
35136
12117
41717
28953
80523
40486
73093
86196
28945
1080
29643
33098
21292
19108
82518
30710
20871
53224
47756
34858
61772
74152
43913
57013
54471
20585
392
6213
73414
9922
36611
31013
14233
81944
84944
36193
78599
77985
37276
10413
19834
18864
56649
19284
8280
91345
20702
8867
3650
21022
44297
62517
1181
28542
56613
744
40759
34767
8585
55522
4645
51343
53063
23455
71309
11681
42052
4236
9268
4583
44149
47473
75422
22136
31846
5750
55549
5964
15305
22121
18461
88158
71213
43020
58469
41453
16943
53293
91841
91535
4574
7662
31992
86750
29508
84199
7214
64945
91938
4889
84974
20270
55686
83467
18307
31534
68354
86587
30928
38519
24790
94542
87171
93460
58995
20274
49179
10709
87567
16991
72631
55661
28713
44920
41743
29877
67315
24204
187353
44782
18569
92194
215682
53087
83146
61669
57359
29193
77470
4993
63034
92241
63818
1481
17365
56316
36483
72093
93180
95789
19557
77714
78930
53157
104394
96723
98618
97700
241244
99582
37266
78054
6872
82164
10063
20818
12147
92515
13667
80816
14261
44487
32979
26521
11674
19581
17829
31665
43365
5950
25810
14688
10937
15793
73455
17868
77358
13089
4317
44061
43355
59214
26770
64835
10596
19522
24644
38756
7030
6946
35585
26450
37022
3687
12709
71147
74464
11058
60984
10172
75830
39718
1219
22213
19636
73533
28427
48694
65184
84282
87996
44546
21453
80347
61468
23731
21116
87130
75150
76026
38798
3463
59199
47681
27108
15222
12128
12214
86544
8069
23849
50854
28631
50396
47550
1780
37164
18923
14430
38362
67475
83647
11679
47861
36201
37109
40578
88043
7784
6737
5824
19734
54667
10837
4012
9378
59355
51505
5823
7860
50588
6910
83411
18730
19079
45750
27041
10276
23513
16683
42306
49461
52371
34032
54365
244928
24356
34332
12802
47476
17491
68912
64273
15936
12165
12461
45076
27158
27162
9883
53674
6479
74034
42199
11311
79268
76996
42204
13716
55323
5986
14515
85377
84714
35809
22191
45930
25532
6885
43072
91840
207565
50164
34510
25695
43427
68509
772
24512
15286
67524
83772
39588
32657
50841
34915
9439
6440
12098
7447
21391
83714
47631
55175
34985
81411
29653
12805
54372
62553
45137
46107
38454
66444
27135
81923
9102
6163
17649
42465
71296
15277
15477
54189
17565
61999
33376
45934
14394
73912
42459
86344
75495
2800
41088
23804
89976
72541
9568
22184
46351
2909
70664
19619
23641
62463
46765
3848
14162
34376
10384
69882
62840
5690
41662
51168
46049
5474
47283
70573
23150
69634
73206
13726
33289
8108
2955
2256
16335
21572
38926
5243
18252
67940
35784
42559
59178
97
31940
76803
8194
60485
4242
59326
95449
94722
51870
11805
39507
44102
18232
9070
79954
8531
14680
31542
24222
85868
40573
33742
34608
1273
22150
10416
78359
22462
93569
4289
47894
32379
187164
3888
36915
43508
4791
22536
20303
50433
40086
9930
64285
92010
60947
9354
22284
19641
41587
80300
29745
29415
20982
70505
20453
64681
23008
13316
11083
80579
92397
72381
187113
9606
60300
7407
49620
24678
21013
10194
3156
31226
6749
30220
68469
23740
6712
60285
75784
6517
2732
29999
4590
38400
245875
65820
16895
52211
23146
17076
29303
16855
28962
25243
14410
8791
39202
13634
48220
20028
28191
15067
37027
54706
10504
15803
79732
49556
7272
597
69504
95288
48055
235
57532
19662
42380
1615
49940
42398
25015
22526
46705
2666
932
13073
41548
15429
12727
19323
1216
36521
72632
2338
87817
34028
31858
42049
25101
69792
171171
34126
73752
44575
24403
63161
15244
10913
13642
20862
41267
72814
59014
23412
46870
32627
41869
24015
18687
68127
21202
18754
23640
91125
24090
36619
31933
69024
60111
93244
56168
71750
32967
6989
8061
21193
36250
23532
28758
71874
6337
91439
46275
32940
17196
11260
35607
33558
3111
37040
7646
17185
21988
6807
15674
29085
7301
50716
28216
29618
11691
29869
44375
49697
21647
16268
8106
25068
70448
480
171446
27355
27350
14838
23032
34574
44196
13158
47218
31360
70842
8689
2305
65593
44773
39988
52622
11774
28537
15206
33738
51886
39303
22587
17212
15296
23238
73220
24713
6118
14816
1298
11656
33642
2928
74120
71144
32445
12008
5597
34300
33816
56227
22200
86511
25241
82264
14830
38512
17426
29941
876
2613
36211
17290
40461
70575
174785
20315
61383
74106
93324
7565
31942
18836
23688
48326
34203
29566
62335
30300
59794
12311
67747
69088
63690
83077
20197
2891
14037
4409
61601
28504
70821
57178
6051
18568
11611
18578
17721
33508
84071
37014
60101
61244
13902
46254
21278
24845
8293
40568
31548
5649
59446
2303
7633
29478
40337
38188
46262
10653
33111
12347
15906
34210
45964
14535
19869
91373
40207
56738
41405
225857
91170
77258
55739
72716
34116
616
73064
29328
13632
51765
9095
47600
58753
8284
2752
65196
21556
63723
49462
42557
70204
90991
33430
50950
66018
21780
46633
12817
56435
34695
13653
93616
31654
26126
84068
63527
17398
56004
35207
18486
32039
13512
36184
17902
63682
43481
49581
7144
59739
39108
94305
20217
45279
13880
7086
45472
10169
38694
212393
20384
29298
79372
86497
55508
5618
2659
50535
52457
30484
86117
109120
11981
57508
71678
69375
22791
35580
58042
54112
92495
190632
59034
73165
712
16584
43375
52412
26130
25344
19248
7699
23130
14029
51285
34294
9188
9115
9233
58477
630
51688
51800
23964
53709
8904
34248
47717
31233
4400
26347
961
78683
73054
8171
29658
20933
83800
12427
14739
3250
50131
935
241
31196
28372
70004
11641
47202
24603
36909
42741
94724
65252
8797
34682
86779
94411
52707
68639
3789
81295
46508
26713
27226
37782
33265
7503
37334
59211
79300
53109
32636
42029
72809
2382
48754
66583
583
41086
25550
4767
4723
25899
31354
20694
5600
95521
65444
25609
33617
58693
71774
57658
65787
23108
23324
66550
75021
29866
86804
17949
14883
14156
14541
91554
17439
22147
35134
58982
21812
3931
38625
70551
15327
3028
19696
72699
1346
27127
11497
52302
3543
13600
3468
86711
46478
20750
37447
6886
14119
12498
12725
13757
57949
29058
54135
51448
58095
56252
49206
22579
84134
78253
63230
10283
21055
4088
44374
19201
29471
63777
94679
56482
11807
14555
41238
39476
51883
7328
86133
12051
3692
15756
31511
25044
30596
8429
66486
71334
22986
8927
10893
51588
232
60012
27392
56934
2755
76192
56909
73802
12238
54883
39835
68044
63653
39358
17207
73486
46944
52332
80817
11564
39512
88090
13875
17239
44330
26579
40068
64992
89892
16606
40662
54223
44679
32310
3939
19570
19486
28435
51834
19064
59065
79073
95911
67135
18490
79744
64491
69047
17613
46397
67279
97897
53935
35495
37903
77720
14036
24981
31701
49021
6732
16074
51119
50004
55129
2917
79107
2866
32663
69061
32321
2855
49835
67680
84635
31028
3528
25772
30069
25891
8834
55588
4564
10591
37358
48812
72965
81257
73265
3629
14565
86551
23890
18844
27780
5941
13681
80400
952
28805
80255
23040
89818
62130
53388
30563
42349
32828
34995
14376
54866
13665
47651
32327
25663
40493
16867
88504
50520
84314
27203
47211
20432
14932
12396
7761
68985
43511
59672
68208
18512
22073
33696
23046
30913
48342
15214
58901
24100
23164
13879
69429
8580
44431
55267
11368
46378
36441
71017
8121
35955
90879
66615
14388
2770
55471
54794
47246
60584
24881
2154
12313
7713
71496
250
10170
43354
12073
31568
43274
23388
16108
4159
5027
42591
52476
21160
11265
59493
23584
16128
14108
35688
38786
25065
10235
40729
67381
13096
14721
45961
50070
21068
27748
18608
45719
56728
77252
3735
47639
50285
57454
74321
83715
5505
53427
30436
37034
76129
52887
20052
30289
47389
19777
37742
77235
66945
17096
24974
64697
52920
13014
24396
35824
57308
8623
21963
46714
11939
32224
8779
7338
52876
13267
4913
81414
34419
21264
73972
2853
15478
34356
66973
17079
29794
94809
15238
37980
77303
43227
9218
78795
45344
63871
10188
3609
21479
30290
87991
83519
38724
20152
14886
71495
57413
44219
71432
72940
76823
86615
29047
9960
53915
75101
39039
71921
201304
63898
40692
72743
89531
31982
12357
86034
25442
11182
92464
99986
20941
31690
68207
27155
21152
12664
38289
72414
17687
36320
19457
53759
28674
36500
69458
2476
13434
20740
1497
30090
88478
30972
50098
15665
61758
34794
91168
26533
55815
34577
42402
72002
49215
29217
3826
11457
63350
237
7309
33091
38695
39932
34966
46768
30108
75828
15628
66533
44670
20097
10355
68527
50700
10890
83113
28024
28043
83421
42539
90512
29833
18814
48753
68487
25856
32834
10706
40059
86469
15239
8209
61685
74477
5446
27130
68852
31565
14454
7068
55564
37894
45591
36529
50712
7061
14296
64622
10270
35418
65025
93121
54693
22045
24442
62842
14915
66151
38516
7390
14254
27231
76047
25969
2499
32680
3460
22505
30521
10435
36724
22040
12613
49322
35005
18059
84457
25602
51648
11508
60059
40514
10460
93459
33711
1252
51029
29890
41763
40576
57707
5347
64416
1699
81024
23246
60154
43770
35919
15985
14642
6780
67663
16085
84422
76916
921
40611
87110
39774
10712
19741
52293
18045
69926
67639
54061
25858
46980
26951
858
14143
31525
38473
2199
47821
95396
66071
47427
49148
25079
17639
39881
18014
24093
73228
37073
44354
11012
42876
53140
61971
29611
76868
62538
55658
244085
12705
65081
46235
3503
11424
64893
40832
20593
32915
3149
36847
91319
32790
60392
31162
63489
35419
21666
10338
80986
93801
36495
15493
56266
31502
95516
51532
43502
15925
76543
63735
6158
25747
185440
9672
53363
19820
75584
37989
5630
62579
10992
108532
58250
36928
50749
79154
97015
96524
96526
103715
108623
12808
38364
181476
11635
66350
3699
44119
26326
12539
57810
42326
80331
8229
6821
3400
51741
41128
6148
56438
11415
17498
11077
88259
6640
31705
75323
26327
45084
9760
87890
5727
49527
16156
40362
35883
12687
9452
28382
9806
20590
25692
24376
88086
72657
6362
18258
64090
28715
17509
26103
35575
46176
84935
24704
51880
76410
16369
28243
11432
13043
20630
8064
38622
46723
30187
84502
26846
45577
44934
18106
23087
84964
30214
38112
59702
5707
3006
27828
68457
67433
32191
51948
74715
41270
11086
34825
84160
84466
84431
95559
92340
51959
8749
91748
12580
45817
32882
31367
92803
89748
21842
76577
39785
63305
15980
21198
69060
45944
11752
31753
27403
48580
35691
16163
89324
19333
47587
21804
24024
8098
61643
27980
23533
19720
20724
14517
64376
59583
17602
60856
36429
4554
24993
62329
6063
21833
28986
11195
11323
50705
81592
69472
11932
36723
51268
44511
10659
27016
22453
46570
1625
29925
52411
100
29367
43612
20552
10714
33363
47553
67517
42984
9904
29482
49578
12576
62819
77104
184854
48185
43766
34906
33655
78320
2547
15645
9563
55860
39309
40746
10082
61818
41298
79241
199189
2216
63702
17298
67499
41764
82391
15136
76776
67850
28887
39267
35692
58975
4132
85683
82312
70007
55778
33220
31291
74224
60433
69315
61261
56508
66323
79869
1359
88098
18156
39821
22082
5541
32931
64691
17794
64319
7625
32153
37036
29820
41172
7058
8266
56010
82555
56289
221273
73870
89578
61925
12458
26641
233221
56461
14192
10444
48900
100549
55507
14009
42433
53406
17610
68017
75125
811
11832
855
94085
69255
20696
16138
5928
5315
36648
8932
27538
28663
31328
12881
18346
36496
7640
37125
40684
25082
15114
10762
29038
42427
45252
22437
20100
23342
35406
91546
19584
38138
19088
54315
910
68777
34181
26619
71959
6188
25286
18130
27865
35160
7649
9356
70988
38584
30376
47957
37183
77255
80681
40367
37637
51794
54587
8764
16942
10419
30562
38420
32434
15842
14671
40570
39273
90452
54027
91276
7288
56593
16819
32479
56255
61604
44095
26488
31479
71694
73118
6648
84846
41278
15489
52870
51400
60858
31456
25102
62682
80699
41597
20655
72157
16535
47615
31487
27840
3563
10426
55821
37534
83229
7325
23594
39228
23618
40789
39680
4588
12043
14306
57106
14330
24785
37180
44478
37308
9840
36875
32786
53230
76308
29346
31051
17740
15005
31207
13193
35072
18208
5095
17210
9636
8259
9612
24834
77220
22765
94440
11329
58977
71923
73083
10268
48496
28700
7810
44441
95332
13143
70435
46349
10789
20135
53823
53070
14654
48675
91493
31350
37448
22583
57717
63001
25054
8909
24652
28266
84612
76365
17873
40996
33803
94175
24156
83481
22983
65399
77282
59606
63869
84727
71595
23378
21171
27764
19807
45457
57943
67625
10774
1416
52297
57735
40541
66233
55121
31751
70037
87841
16938
23578
35629
47624
26903
13207
56977
15361
41259
50331
62332
4785
60601
86377
31970
47440
91057
58671
20196
55544
29351
89445
80036
86926
33915
18250
84332
53458
91314
33569
12582
2172
21449
93715
39432
11570
17020
7758
99975
97488
234960
101832
109454
35694
41089
19206
80852
42544
87936
92824
73699
2209
3571
15346
67571
58507
68396
40518
2720
47914
7521
450
16955
63452
24721
241435
56702
25712
8733
3000
78901
4910
52131
19042
2825
46303
52883
42583
14854
8179
33901
2867
11514
42648
7817
14737
19655
55327
634
32856
73693
3302
5763
18434
21250
16656
43635
5607
35435
15065
53650
4300
17527
38598
26556
32010
37543
3091
962
83372
2472
55707
94964
23018
50932
78098
31802
61192
59205
81487
20555
33532
60026
45557
41832
60037
22898
61030
25976
76223
13412
5007
53440
50297
58833
177617
18023
22175
9168
23903
41282
16169
15736
52464
5785
26184
28920
25493
38079
19922
54557
38824
37460
45530
11585
50873
35214
32003
86297
2229
33972
3902
39922
38169
68570
40092
9848
27530
26486
47956
91149
8126
41534
19172
63979
10375
9113
81519
204019
12163
19489
57389
59480
27372
13873
72288
5711
66783
49485
23397
17233
79809
16496
89063
36576
65630
5316
77884
30011
36924
11211
12334
75441
51227
12830
56232
16693
55955
17852
5535
44192
52339
50953
17010
1360
61568
19115
58569
89922
13848
40833
1713
51791
8748
60312
27194
29407
70268
20744
62020
56478
2609
13142
3143
52805
34771
6296
78036
8116
33326
4190
59642
19615
82646
48279
16640
59454
14653
27629
25164
14283
14137
26618
7305
17667
54528
7508
62618
78026
82363
12537
29615
25338
25085
68173
19179
6547
10894
65883
30591
64312
88013
26709
37061
14485
92039
8055
36022
33750
29531
27343
12335
22313
14740
69301
27558
20875
53379
71464
72047
37271
3546
34387
74641
30785
29722
64643
45949
26865
39375
53959
81733
61576
64894
9601
71786
57806
36973
41726
11397
73387
47866
32774
62605
60470
47419
30144
24065
26501
50486
3098
40741
53459
22951
40927
3379
97237
18506
81119
40334
20667
1512
40476
19841
37413
30956
12827
3582
30566
69344
13178
28750
58237
43202
37443
53571
75200
49925
8012
23060
84637
36828
1600
55346
2096
3372
90966
83081
45426
16376
3318
14285
32074
6778
95624
89145
68969
17864
14906
64910
18707
20742
12939
27380
58345
50852
10605
93181
16500
46904
76343
56992
45134
82808
29535
25509
24536
17620
44372
13818
53518
73406
7608
65560
18188
2210
65425
74614
40817
16909
67133
67528
20340
40328
45438
3355
35122
38321
59317
40413
6359
36446
17708
77920
85596
13362
59944
83019
12932
23522
19187
36310
41982
79757
8891
91469
10533
91104
51833
59018
34078
10962
79918
57341
46850
238972
25994
12271
47296
68725
34001
70320
30140
35602
82405
51403
13682
33278
44114
75182
36057
21257
1875
78685
41695
56764
26816
32447
34848
24782
51525
54267
86811
3363
53124
20814
63873
63561
16864
11201
18796
33095
16590
38678
39582
75994
33355
60594
15211
41152
70183
3125
4176
50794
3779
23554
1199
16397
192452
17995
28538
26733
59686
30084
28348
62327
26763
37849
44250
38351
64872
79657
16549
68165
86295
31083
11781
8005
15749
41870
43827
52835
6087
29552
42458
226357
12450
10829
69569
59639
22330
56822
17617
22828
23794
64679
92527
10393
68967
22965
93023
24933
56753
70500
64689
8375
16084
3159
77397
79320
20444
10525
52152
31485
40795
11501
73809
86725
68336
11958
38383
82915
61337
66214
18752
407
59144
31516
64231
77942
29934
28309
74193
35397
43640
17701
40612
78919
35034
44091
79103
36703
40860
41681
19106
90277
25700
83394
24698
77234
7756
41972
23765
73361
85123
2104
18939
29787
15278
45998
77047
36569
60187
13750
49649
53572
72032
63692
53489
69039
22049
12720
193064
17986
73129
98116
45240
2724
9564
17071
14177
81702
95859
95802
98144
69815
94072
52969
89278
75778
43433
68346
28851
10777
98891
96563
98842
15056
39241
2016
39157
24468
6765
25719
34100
8419
11518
7927
13708
60570
66469
83501
40657
24336
44344
4628
36171
55855
23377
42874
50289
13792
56133
15550
15324
18418
12682
87990
34707
9707
81660
43095
70126
86671
43979
4200
7729
26714
21708
7905
67375
31724
3171
44111
56486
38335
42585
220497
7977
24571
14445
63669
51501
5273
13559
18177
17768
72012
16258
55435
9768
20543
10869
21464
33567
11784
45637
86598
19958
26961
45124
6977
42497
22715
87317
9072
6729
43629
1836
10032
8842
34315
74201
56127
21513
35698
88885
24325
72885
7233
41119
63738
13233
42758
7578
16482
85505
3613
11441
20376
25605
75293
66555
87326
24591
76095
31780
25451
77791
17227
9978
19503
25936
11362
62254
11503
59883
41515
85588
17051
11927
54004
16987
47229
63647
1523
112
30120
11324
17890
45446
55048
92926
4458
48300
57620
5746
94019
13192
20475
83208
39850
9639
22885
207675
62549
30755
73840
65059
5342
30910
10122
30787
24032
21548
91430
1868
10635
48233
23832
8592
16658
1565
45816
76541
3167
38673
17921
43166
3076
13939
6588
27083
11729
6776
23515
31315
31891
15397
4586
18236
78358
78185
61696
80511
33640
30703
57998
13340
33075
10005
73548
48275
92308
31418
5914
30564
29130
35930
23475
32591
8168
870
84810
7190
29649
42127
58986
48673
45801
14947
16304
54841
62626
89265
3832
91210
26147
57210
11233
92675
67761
64850
28446
73875
46913
74528
56050
8920
15724
75180
17394
12750
14056
43077
16704
26818
68560
76954
11698
9282
72466
37536
47906
58034
33088
20320
80837
76360
5420
89650
63320
57745
31526
45250
8204
58990
26555
86124
37398
21766
40823
12414
85877
77673
90555
70714
69945
24992
33860
90222
59852
26022
6721
22792
62135
22460
60197
71252
7248
23389
80018
31935
39565
4130
85986
94807
2120
59198
3998
25511
20531
68662
92184
15541
68826
60109
53998
22785
24656
33115
72384
87641
49714
30508
10477
54791
9432
59663
98817
25701
12456
32763
62428
2116
50562
82223
26738
88788
13542
74100
62659
21868
65607
85776
15404
43549
56788
46132
23250
4959
10205
83236
39928
7113
24751
6164
2553
60893
26681
16429
65621
11279
17545
46027
12890
50725
2356
4689
24377
67710
33083
66975
14121
93183
24818
60489
31671
6911
12138
18658
36583
29804
33723
13494
93655
93729
7986
42597
47841
33763
45361
19846
9522
60675
39741
2579
28299
26473
34647
49153
27907
19193
199592
166917
63032
7066
5160
5655
26988
48070
46261
22746
66375
12597
30996
30279
22991
62266
41289
87533
9865
10202
86018
35737
33989
62929
93704
83947
4809
43654
19986
27341
12643
42412
16025
65046
45697
55158
2038
2832
9863
59977
35395
28496
76708
11995
43071
225487
11964
15422
76283
56867
48292
95409
80931
33963
25823
5585
38649
11009
68506
22514
21563
28034
11556
5691
42463
26317
60443
19935
60503
88108
18874
68259
14269
16468
41028
79221
60736
74779
50359
13397
55927
37197
64498
13612
60055
79666
8790
49591
6540
78858
26051
54622
27210
43727
8747
14499
44402
69652
25466
6880
37084
19564
17977
70206
94521
85662
30039
55781
11934
76077
47095
18126
91002
29518
62844
30390
75237
38013
1477
8343
52830
33343
53955
35467
62948
62198
41643
9477
20027
24184
26685
38294
8221
44047
40343
19005
17147
21069
18273
57972
21641
27416
18722
645
92869
39038
9435
64688
14792
33375
3863
22877
985
176703
5309
64732
80534
23227
77869
63584
25720
70950
52915
19939
37988
2025
30539
30151
65314
22159
57354
91868
44244
59760
39805
82160
86389
37537
12444
76991
74768
2177
32450
86084
59460
51470
78898
87269
27631
11966
10071
36945
74271
67976
28717
41062
17168
40468
51276
21342
28261
16099
63139
74558
30402
84124
78083
3180
15813
20438
46659
42859
38800
46451
77004
2973
23953
48021
46889
36234
32174
12325
79057
18267
7253
78840
79881
79570
7195
10186
617
39665
17265
8788
33149
2694
48942
20784
15233
13244
58918
29401
32802
81403
79652
27618
38904
27275
30246
24132
80229
64920
96031
95933
44520
9303
10517
58697
53703
36005
69231
98642
97032
127479
51460
26590
17444
5415
16280
34277
7661
49626
233
43927
44341
13688
7076
15177
47930
13481
9733
1584
10067
69702
66588
15036
48569
30675
26934
12503
11531
63660
24393
26456
14345
5110
29569
26752
42063
2762
9149
14887
51105
20513
21578
78891
45437
26837
55024
60323
66330
37284
18476
12777
13723
6095
16155
16581
211342
44491
80776
13118
66580
17877
30056
7509
19797
46029
86307
82686
26876
26401
17640
16414
6348
46124
78020
27211
13935
30291
14490
14577
54318
26274
23092
84591
45443
43527
55689
7173
36188
14693
65637
81100
18838
33034
48330
8405
14458
26810
77330
74757
49995
28817
63151
57818
50986
58401
85514
80336
20116
11492
13911
85832
92226
37853
8949
25355
44475
38409
35472
16694
21248
1292
69805
68526
83327
4649
90074
88556
21557
29472
70113
30695
37667
33436
4407
15198
43381
59882
89566
48137
25951
43123
27925
54407
18534
16932
44237
2030
58967
68508
51113
13942
32002
31820
37049
58309
42355
57174
9658
26862
5961
75342
80815
11124
62404
16295
23756
75587
19950
22824
23682
18253
10642
69407
49054
37916
63858
86115
39904
12706
15988
573
71552
13269
38920
11274
54578
55278
63821
5493
65455
49600
45304
9611
15412
15232
17269
58396
32006
11450
32045
11821
11126
83331
7564
40598
44701
27739
6477
9415
23325
22921
63579
50012
93778
44754
62751
60545
49455
30147
19965
68361
49146
34885
15910
56768
55201
30816
30976
18275
33797
79411
62992
7176
49191
66322
10295
42602
60526
16814
185672
66264
81096
6166
20440
103735
39405
62072
12924
48798
74490
16783
63603
12647
7395
90002
3797
23295
43731
12045
32788
84770
20657
95260
75900
64522
11130
62550
34517
62900
34973
24091
15588
19429
16929
17938
52755
38540
8855
67065
27241
61352
82047
49976
28639
8290
6349
21715
48508
38482
54585
6329
89629
45531
89255
1336
25203
30339
57752
26909
34902
32005
46457
67448
19539
76520
63006
35062
15582
89679
16167
95
88760
8903
16967
36142
22789
46617
15552
6116
24113
89630
8586
31181
61060
28344
103838
40112
6178
2859
15676
62189
17088
3366
27471
14865
23591
43832
75654
50150
54786
40181
18249
47135
46732
12807
17335
1961
55189
7557
71391
36709
23956
8857
1413
39209
2027
56374
53829
2983
56832
26482
61450
16143
12463
12194
5678
55018
67399
2989
35326
25952
42431
85831
70254
18343
3527
27912
34497
1357
5104
64927
27168
81802
61471
26205
1949
20307
31275
34533
13985
12400
11568
37550
5683
89664
89676
34519
42476
13732
64811
69692
59307
49017
43546
52488
24462
15561
27185
7185
82074
31925
51498
83906
13055
25748
32655
6274
66480
46287
91600
21767
20792
35171
158
86037
55792
6794
30966
84577
27609
14707
59537
14844
43922
37212
18057
45217
57215
48038
20229
29607
11663
26114
73171
51874
52853
230663
80928
36802
66770
45601
17231
80867
22830
95085
68394
166525
14540
88872
72559
47753
6414
5485
47305
53640
21299
18502
20473
30810
15380
43032
40793
8601
42616
60402
207968
64639
42856
54851
13379
15967
14324
40238
40403
20761
88042
16603
4194
45993
14381
23359
11217
43633
15028
18411
93160
1605
20768
10855
51696
84823
85062
21072
20227
50049
43337
7792
61910
10254
18791
59673
12230
20218
57599
6217
10329
20412
55850
18539
47065
28569
7259
27877
44543
93321
20785
53121
82397
25386
2562
12622
79395
29090
7738
78885
57242
47989
78848
60346
24168
49276
12681
3251
11790
76048
26425
81085
49456
40057
40198
28671
16610
26492
966
52560
65773
52117
8653
40977
29541
21518
71243
77444
65884
41437
56059
27633
19019
54616
23001
51640
53277
5544
27803
11300
71633
85750
14849
65513
48761
31849
19291
39924
32633
16115
18919
10306
44554
41755
50702
58257
18032
35873
17609
37531
68118
74504
38469
60602
40874
21863
39355
90394
8744
47675
17760
15210
18139
89225
58282
45165
84993
20500
82943
90766
50937
94487
70527
31512
10021
14605
23520
44683
77182
41689
30670
38814
28495
14106
47417
19041
51289
72063
10741
25432
9944
92794
63718
27641
36428
16816
17455
41667
13140
59549
76673
32545
52188
71186
14877
18961
36660
22930
19233
37363
14450
11956
1587
12869
26134
2750
29039
25312
11593
61684
8231
19357
109266
7690
56550
12282
45384
19943
5813
6141
23074
6797
38327
96212
95779
96746
98865
94639
71652
52364
38891
34651
44225
25575
67575
49838
21583
24148
65064
63676
23179
74135
97561
96620
96348
99201
108586
46146
13607
25525
6605
42863
15617
10716
16441
20223
12438
210797
88395
35047
42760
33902
13263
6205
18319
45942
72427
4542
75108
84243
21743
4875
37880
34880
30106
23156
7643
57821
8362
56415
12934
39094
59689
21376
41015
65500
85252
26991
47072
72203
6790
17174
14669
88004
41547
53611
33684
55322
8503
39262
10234
37596
20689
20981
3039
77302
37574
5214
3164
60210
27180
18443
39721
41293
39382
74767
2671
14082
26104
70726
64682
92438
54917
68647
58176
33793
37996
2627
41616
44022
49897
69063
16134
28684
72454
30559
44967
14979
94466
6914
24669
12052
72887
64362
48397
28528
20125
51695
37304
28255
51630
33435
51102
31776
31762
23819
41861
16050
59780
39204
5531
30871
42643
60033
4971
35776
45083
58980
2881
37657
11271
30957
19710
5926
12949
10561
54313
47771
49216
50947
63687
10414
49547
23503
39912
41439
67981
7065
21895
91480
73531
42642
48030
70770
54439
6651
57207
13473
7399
1606
46429
8777
31588
67892
21956
6823
32878
43189
53133
26606
13694
12455
46893
89572
84264
44544
18160
2201
61310
35157
26617
15077
64785
425
55332
65313
18552
46748
55025
4820
73705
42020
21799
49133
54444
35430
35750
3358
21244
1278
25709
45826
37423
28206
3547
7962
35843
12506
27642
11628
3170
84513
4070
57296
92077
16903
2150
64017
75711
15719
30807
15783
60783
71563
14921
18313
51205
65461
47203
8511
68184
34086
61768
53919
34045
5419
45356
8590
33400
28104
87519
36482
15378
37033
16038
19995
15945
15619
7685
7477
7409
7279
12377
16191
16016
17121
17260
17532
58120
32608
6190
32075
51401
10954
4044
68304
43487
20886
7636
590
14193
69633
93602
27781
5521
169553
61996
64653
74381
31964
72567
66754
11968
81615
13166
2664
8921
20762
65731
25851
29665
61686
6102
70921
83274
74236
65769
68168
13307
60851
62141
28625
186920
9747
76978
52317
75630
90223
31917
5523
13083
13918
22051
48394
14055
54430
10523
41095
7604
26954
17624
63011
12212
32292
42532
30326
85982
63165
8342
4698
27351
15271
11380
1205
87547
85657
74163
15903
69186
30794
64723
89190
23256
69812
55748
8446
65100
36121
93302
55409
46185
47973
21324
93934
24954
81859
47290
87656
30052
24975
39717
79911
7182
8765
86838
96195
97235
15880
18525
61836
39642
14862
29945
13645
34645
15330
46649
20943
43190
17024
78282
65465
95971
94610
44592
92306
69343
6746
74533
48376
77215
40305
38701
35123
163487
96125
38040
29140
155825
175672
3279
54234
2290
48350
22062
75604
51241
79173
11398
35894
47040
55680
48011
20663
39840
37351
5999
40852
76926
9391
14024
46480
25580
26284
6838
67819
47755
64958
80149
31928
78157
13087
38518
29299
20769
46139
37381
14902
15242
46220
14880
5718
68998
59724
25997
14030
44819
12854
11431
71073
5796
7684
27756
5647
14252
17845
82054
42535
88251
37848
25833
43941
23122
35914
8430
34808
77064
24199
24960
37311
68652
31562
9926
23681
169103
10917
41223
55008
74286
63365
48957
24680
89122
19391
53152
21132
65426
87140
37008
13742
86122
41513
95415
42314
23938
44005
6278
26583
10296
58302
10655
612
10825
87643
39868
95308
62095
17429
66064
19902
28633
44266
15805
59383
40072
47023
10729
1505
28260
48459
8394
9343
32169
33694
12689
44020
28596
88634
33210
2565
4769
55530
10557
7361
83106
25469
23680
69001
6801
85614
170286
7240
14018
3828
8305
75088
78587
32448
11089
22324
42988
31664
57954
6818
78304
11569
53334
10646
26561
44247
10042
7575
51669
2757
87870
27011
18519
29190
64005
83875
16908
59327
24649
25626
73114
56291
39023
28902
64046
1790
89761
81021
3815
11532
1342
55000
73948
6159
13578
95349
25210
68458
49279
27389
14884
2392
2915
12917
1432
57965
45776
64882
105
4123
18510
9015
81480
11231
39275
13079
29875
54527
50938
4608
77056
82674
95334
46958
63186
65598
28013
87899
10950
29230
2331
29796
11498
63927
95360
85057
77474
35865
76892
93641
4248
53463
55878
8195
35204
92712
12496
60600
1895
40099
21148
70029
54713
24762
37606
3780
31270
65749
30204
93587
95113
5370
21681
6426
17709
48960
23747
53577
72009
25017
32363
70141
46654
77680
26025
3898
68236
22527
65761
37641
64818
21808
21538
42681
95681
74048
13242
4674
33011
72338
59585
64663
66823
200377
49570
72312
90833
44099
3732
67518
2358
19099
13910
19412
63516
3398
35455
7004
5385
40831
49087
76753
19988
85353
26389
67489
32744
67964
21496
34932
20271
50384
42792
36106
77810
190953
48092
91850
6531
77721
45918
37138
29564
42506
68687
69511
86708
37156
47026
67627
12123
2478
26117
3786
62160
9347
21503
10429
36166
9117
6070
11160
60540
71261
96336
98542
98338
96342
46662
97808
96553
16198
36190
65379
49518
87683
23763
63403
50312
20497
97572
108751
100552
99157
90629
6312
37282
24157
21115
53317
99472
14958
47913
92599
30535
47962
34557
41651
85769
13256
1190
5088
72280
6084
11188
29980
11987
41787
24509
71663
82170
21515
4052
12009
58201
33786
49314
8136
58058
23833
41510
87672
22101
9499
11276
6331
35096
7436
17425
8581
55688
36639
29003
43456
9785
2563
39587
9475
20094
64504
65655
20417
37731
19435
8011
47233
42154
46878
24298
91609
60493
3522
8309
28486
25320
77947
9988
53359
67828
81281
44842
2669
68918
53844
25953
63367
68305
1972
12768
28803
1147
22370
11538
53424
40351
43792
38374
18513
12579
14567
32572
67064
55671
76504
60406
61802
24567
68301
7856
47697
11105
67806
54030
83092
2919
236791
8256
9583
38082
67048
73560
73566
47231
24732
4550
53349
14336
46829
18341
42901
21362
22863
17015
70627
7310
84642
56489
72595
29114
13789
59612
7119
30172
12737
26490
45757
66186
15419
44074
41380
8632
48782
8862
31967
38495
25970
58426
32777
33479
48322
10860
51866
3007
88379
1573
12896
20545
90955
35881
31074
64901
7071
48672
76798
55273
60977
63212
33262
7363
21732
58554
62446
61526
8374
11273
46250
4522
28856
27235
10995
21680
48932
70561
26453
19650
41155
6352
36254
37063
12987
45294
22416
80291
30515
45607
63505
43258
60484
66299
31261
3923
41317
64804
57838
94429
2899
57689
63056
43169
55101
28687
14684
18748
6300
42370
9623
55853
25304
85501
6224
56511
31911
35594
9392
25622
28771
45876
38641
37025
10946
8120
83099
44492
24900
25513
42977
28598
31896
54150
40893
17459
5883
84419
2391
18225
64762
33669
72198
12183
37356
68531
3012
26701
81167
23419
94112
22957
62243
47543
43732
40079
33843
12937
72170
45551
25254
76184
39013
57913
6873
66447
197245
80446
15810
30582
25007
72569
9292
55195
88753
76945
70454
70085
82923
39277
2287
38791
17923
21200
36350
23038
14244
8174
29984
35980
62834
26886
9730
79660
128
77292
1513
39235
50057
43782
69376
22631
34461
33611
68109
22980
22338
69515
92943
77217
61880
25340
51983
26050
18040
14102
56997
6341
1508
15998
8879
12788
57917
11976
48529
42872
216350
55148
58421
12615
40652
75674
75354
53216
71404
30160
30689
62680
8269
15732
56376
19261
50885
57814
51850
23241
71181
43323
66713
59598
55827
31580
232846
16228
82885
26832
175267
56328
27733
22606
8137
11952
84766
39113
30662
25660
16646
44969
6360
14507
24480
56098
19690
53231
63611
43220
35786
61674
1444
47128
20323
91382
45440
38110
91045
49345
101618
86874
51625
34920
17955
6810
57190
56703
18465
8639
16988
48927
94082
29505
16654
36162
37029
19271
32631
23201
7537
53420
36586
52904
92055
74565
62780
53023
32980
92062
5411
54447
21748
35940
16668
11710
32154
14125
62930
38570
45209
16629
65507
2062
9210
46577
34222
18690
12541
12637
18151
61148
71458
18700
47326
6590
34287
11835
233963
51819
26884
54155
51087
70342
18000
11905
94
10791
13477
37379
46806
22153
43006
44884
61493
11572
32570
50155
56819
45207
61809
16121
6046
41647
20279
47781
50617
59624
46473
27193
10399
40411
57825
28942
12573
2868
11400
15340
31529
11321
34042
85279
36733
38789
28257
56250
80993
84476
29082
92845
64726
38903
88017
31103
87749
46015
9651
62411
23857
18655
21916
25643
77542
26170
8441
38192
24764
77719
47927
14035
20797
27262
85335
38202
24438
53268
31386
7611
87715
13369
38006
61801
64752
75579
16069
20860
29510
62959
55079
46468
15740
7350
52624
88752
48928
1589
67476
13239
30766
49006
40803
8345
63175
7732
37832
22812
87045
16747
26239
87173
57555
48647
47622
1564
29622
56553
17897
39761
85088
26615
14977
5537
90654
22221
53916
5998
56658
49533
32516
63683
63084
18918
31264
7605
73391
15009
82024
36654
11045
6615
61806
78971
56306
17988
53645
30467
56896
8056
83565
9715
46343
22451
22081
15421
34603
15570
25412
238044
65686
91182
43408
51390
24226
27120
5345
76201
58669
27991
40849
51737
10330
33973
18215
11191
56295
68551
64857
14608
15725
81259
32345
44805
58046
44236
9680
30954
85943
10597
40846
36384
57488
17201
71359
19565
16935
25506
77051
18957
31829
25654
59324
92155
9915
53630
22857
5524
29322
14068
51416
13651
71267
17737
65708
12077
22942
13221
33206
14070
39955
58564
47920
15301
4090
20589
18140
88975
30287
31660
29863
38442
18592
63264
42673
16073
12086
54386
32685
17303
32170
85170
94693
86456
89327
81188
6660
77823
31151
95424
90027
16849
24368
76634
89338
50120
6264
88452
80702
41464
53080
79800
38319
70464
21645
65937
53442
17101
70313
59879
8244
56495
61698
70883
15460
47971
45867
32961
76506
86072
37337
18582
78521
3900
85238
56383
46398
20026
29754
70932
14362
13305
66584
51077
48270
9521
17526
22518
73096
89469
48830
21254
75812
21575
42678
11858
32472
37451
43311
91911
39533
54751
31053
69358
76828
93830
94968
91967
1950
37202
8818
47089
6382
26277
31009
43472
65464
46427
18740
12562
155199
61106
63559
58374
8182
53368
18022
17706
39061
81776
91035
6897
74460
79894
29969
26057
27401
47572
15140
95171
17668
7755
2948
41814
235801
37647
228343
13276
8350
24537
48667
78912
36838
69563
62732
15963
22268
10849
6739
56598
10976
749
82118
55226
34246
29647
14832
28974
6840
58542
93359
9613
76203
20364
97913
96230
109992
96287
96539
83771
56180
53536
7094
66505
25273
49493
7451
45481
26041
16329
65905
2606
8178
35851
81063
75270
80023
94540
41384
59258
98260
98625
99944
97888
98404
98261
97901
101777
1772
9049
61488
100720
2882
11435
31447
223229
35960
42797
13345
43761
40973
22109
45007
95602
76475
60919
25074
40961
9894
13243
49403
230638
4304
51039
7223
12900
8860
60891
62179
87967
66100
13012
71408
29492
90963
70494
2367
2544
11967
4859
78952
50342
37488
83437
19030
25287
13496
55627
37658
82042
18003
19056
39618
51535
58548
13557
22973
24955
37493
48332
23312
55015
6861
24988
70172
18322
30888
72110
49705
49906
58837
25478
49428
72677
54111
38445
55802
52373
62097
52761
29044
48749
44845
164927
21321
230908
17967
10959
90101
7783
11849
7891
83267
44469
42078
84736
77336
50915
2773
33718
18370
43414
80439
20953
23728
59626
58205
55032
51031
36679
74830
72281
83052
45482
40316
37142
16229
16282
21796
43994
52741
17891
69293
89176
13660
2811
37792
81984
51115
22241
60815
24851
32391
17129
21706
89923
26437
9362
2795
67929
24854
75469
218210
23700
15949
67959
5643
37139
7884
47121
33373
37969
12380
32270
18721
34941
15347
56279
86171
54607
19237
17834
33857
25559
7344
17733
78911
6967
56031
87341
12688
57078
65943
41382
15532
59843
57469
33645
15022
18360
37580
72075
73438
25290
22265
77909
31287
6769
68804
66622
34728
18207
24878
61240
14874
76781
19452
6072
95356
81872
11513
60481
75395
34507
33807
57353
19484
66683
37642
36105
77405
90551
49039
93330
7057
3933
51089
28457
12774
35893
34291
25576
62610
91020
16126
37595
59176
74047
70860
10126
64547
89084
24773
66424
7861
11856
83398
13706
15638
15064
77662
72639
77167
48575
89999
64557
8272
20236
16404
88341
51192
38251
54699
52380
94554
71460
70457
62238
49205
29906
73009
23200
48956
56787
45016
73865
12921
1816
40263
67779
50782
38788
32793
45259
60857
62543
5168
15690
2462
5483
54038
58584
47793
7009
88953
58411
34395
85666
55468
17466
43545
70319
2888
36034
19167
6374
11458
47193
43746
40802
71681
30320
5701
24726
79855
21714
89118
1180
66119
31011
40304
12006
30182
53985
26915
5997
13885
33984
15309
66768
52511
3260
44509
15776
699
87174
17494
21883
13177
94787
24293
76443
10207
62914
16008
95432
27395
42363
54392
60173
1570
28487
20204
23979
59433
84787
67463
26634
15054
82714
35306
77149
1986
14561
3967
46348
91756
5783
29693
40406
60378
25928
12041
80047
25407
48624
10726
50323
31833
94001
23293
65804
70820
75618
64349
110257
91110
36013
20922
14663
40000
79132
16272
59489
91993
53532
37898
53852
74150
9390
67377
16982
77216
28235
15578
57299
55456
5012
58811
51212
33550
35754
40730
226
6036
32011
92977
12477
24586
3744
88502
75931
20483
8739
55487
59009
9659
33488
47720
11202
68773
58731
33242
70051
52714
70496
73669
93680
37934
32821
43582
66825
84838
80566
7286
29950
90181
15675
23950
66751
32521
60630
88408
42684
1522
54197
20268
12528
75714
76717
90878
24228
77198
70281
21888
68034
40002
17528
51177
67691
38368
68298
57195
81709
50936
16124
7555
95483
50829
15879
19241
38050
66510
63593
57879
4053
55335
17865
149999
88172
24977
29144
30915
78699
3193
29485
24724
42305
27140
217158
9939
39500
67112
50405
39125
38085
32561
86991
46693
69687
55569
95531
41906
90666
6650
46690
92520
45620
69416
3068
6098
42260
21644
30412
1378
20878
3975
76289
30997
70884
1747
7667
76627
72405
970
31325
8559
79016
68947
48173
92820
37170
76591
14224
20581
45793
37132
69886
39674
14408
45715
17867
4247
21475
11971
80973
32665
31205
55914
21661
74071
54218
58920
15542
74794
53937
17948
36086
35621
68550
77742
7540
14314
13922
58824
8899
27737
82717
36965
40958
4858
68659
8940
17656
93093
11634
43402
33027
27150
46571
9627
83431
83841
10347
14202
26735
17982
50589
76228
69157
87086
169629
30624
12533
11707
59449
68701
49918
58532
39754
31047
82015
86806
57214
16111
27709
36618
20470
14333
21214
69335
11654
50397
37928
67802
37288
15025
29060
8238
6316
36895
62966
35543
54894
3295
29378
51088
25791
67409
68792
38094
49477
9550
52287
47391
54869
67378
16642
44705
26161
32635
7343
7326
37267
95530
68066
80832
10160
32626
15620
18464
18120
10506
59303
21065
39849
78838
24609
41639
56096
49672
58744
12833
58594
68426
33676
62724
66592
3094
87775
30725
62525
7576
39182
54872
28466
85623
20622
74653
10519
59877
20554
16746
4798
10080
3851
25927
70665
23617
21414
19076
55307
12178
62877
7785
37591
26964
55224
3837
37860
31884
9397
83879
17674
35303
41438
64707
82127
82593
70327
89291
399
213695
85152
45539
22288
14997
65256
3389
64239
42288
6825
58487
50882
46758
57060
63649
13810
71159
32365
52357
26588
1703
2591
19398
35942
51092
1874
86674
666
20856
30869
65275
71238
50122
16048
48180
49393
72854
39572
80351
66038
32228
11428
13126
54488
17544
5321
32753
21463
22070
74936
8911
7692
27525
10366
89320
35595
7093
17413
22381
53238
81034
15804
42451
44923
3228
933
71931
8675
23349
55979
44593
52456
19258
4107
18391
26276
6121
16220
6591
53929
13763
46914
77305
6520
14185
37359
31262
36111
14869
74238
10212
47328
3700
38027
47857
53527
4624
72626
67345
40557
44036
13335
66329
85817
36927
7270
57870
71585
42714
172361
12151
33306
44616
51527
85163
76452
52666
24244
74804
81819
86055
54008
50480
2903
83637
83662
23978
26002
6433
87339
61401
25611
14476
45729
30872
34692
47900
66134
28731
36370
30155
50848
33033
38989
10371
78419
223090
45735
52238
92180
29410
88917
45881
84718
41962
11758
14691
5754
76176
42592
69475
68978
67156
87964
86365
29707
92814
48549
18457
41306
85529
81673
16579
69220
14206
58172
5940
59802
57690
50385
52000
24115
12222
198742
28909
40978
17632
17835
79632
57417
74931
30053
46227
82852
46581
52730
44096
9062
46598
42798
56439
89901
18294
43334
83233
30203
21919
59570
195568
7403
7236
48859
62272
45355
79062
2651
19604
9814
14196
8593
60476
46210
37863
1131
14124
36297
43861
56670
22142
72605
79454
30496
88474
82699
31148
11183
49708
92460
37911
61879
48424
21825
41493
62557
69974
11459
85156
52859
55685
52734
16510
24116
67854
25535
81977
224834
88905
27225
30573
54152
53246
53326
7517
40512
3011
67578
6529
45784
93079
10785
9048
47219
23844
89420
73174
40638
45957
25508
44295
36948
80589
46109
67147
11298
46013
41292
25013
63568
50579
53846
49406
64809
55573
51093
32929
13853
6451
1578
5879
26535
70246
53306
7999
22976
24641
10818
1305
48034
47635
14784
26415
52941
28428
38505
5713
18306
71748
96931
95839
99193
51601
64605
12393
40825
12435
19349
16271
13331
67898
47295
81547
12177
28754
22137
72122
23210
39114
65968
10035
86586
70378
50880
69519
63636
104840
96051
97034
96299
96043
101673
103704
15721
47093
109232
110603
137937
97136
97792
109928
13041
8565
109054
98626
96833
12585
44528
13751
29010
36156
233396
34572
20649
11808
83340
18217
67106
79851
93679
4469
77271
193465
60201
6242
34654
18899
20354
10745
41905
4772
19500
57418
90843
33950
64874
94912
15359
29956
208489
17715
30692
22906
90390
43244
60560
75528
60020
12540
10022
13137
49020
81219
13874
72496
77459
42983
51626
45640
61282
20424
30022
3747
31855
19896
51365
17593
63757
33318
24087
42200
30882
27218
51287
94889
25522
16260
31616
13214
17495
65297
84130
17775
15742
24147
4126
21971
28180
85886
68403
54241
21108
28726
58629
73900
43364
40664
22793
42272
18530
4856
36608
20000
78478
56129
11088
83305
93182
58435
43254
56718
92060
9144
77218
73815
26703
25757
2046
7736
36093
39294
26956
75203
94428
25057
35822
70197
46375
51382
16208
14569
72244
66870
77626
93432
46730
22461
54255
14636
52642
31915
8778
81588
88429
25113
51091
19603
25410
60840
87416
59666
16345
67046
31966
58634
80818
41569
9139
53554
4339
35004
21172
36985
22807
35909
87871
72964
84473
82622
91531
33208
32945
44184
33017
44684
38453
4278
40909
14117
4112
45085
24850
23120
57316
9667
79316
27853
13529
9040
3458
33557
37688
19691
27116
58694
78222
56652
74923
33815
66181
5566
14635
40436
50751
47105
17682
14777
88679
23085
25367
35090
57615
25247
45148
70053
31530
15360
28471
7876
17251
82954
20054
9897
36839
19143
45606
30143
45119
69915
22648
21010
70807
33105
90735
79988
53032
6094
29637
10059
32672
61569
39255
67272
80360
64944
6193
88932
43043
25153
35978
21219
27751
87781
21398
67646
36348
91905
27094
79052
14180
52949
4382
46347
77227
51622
48206
40061
23073
40464
33158
54624
10308
85016
54987
29581
34247
17393
14092
54867
25816
58987
15547
12806
86289
19281
17430
73982
55883
85557
34938
24384
18777
24907
18789
12925
45350
15391
17580
94111
56650
21573
9323
20695
16330
75068
68104
34580
47131
76696
92368
39167
81307
74907
59408
59218
74816
29953
38484
55436
4630
63923
91251
39299
11916
49651
37601
15737
9735
28063
29309
38323
3017
36363
3660
14725
24642
52790
52483
29222
79940
39961
30525
29778
64575
18384
8701
90091
28062
11697
792
23106
47542
10199
48057
49842
71892
82017
222898
5043
26515
82624
69525
33464
37152
17046
41805
78080
19283
8134
31749
24865
30123
7627
22280
21811
81589
84340
78285
43771
83642
29780
91822
6874
22027
43647
83971
59769
63204
17646
92237
39421
40188
33459
82147
21703
59696
33447
83921
5018
24593
43958
86143
61586
83620
9327
86311
26887
32590
71328
67008
35070
66425
9849
41994
37695
53024
15930
16399
40593
75015
7140
91063
6852
77948
9617
41139
93882
58729
46936
8622
25226
15962
44800
59853
52955
71866
6290
85384
71861
39065
18296
73343
58917
64531
28343
4817
32256
5014
82473
45427
57524
29443
4461
31932
47699
19249
51380
45753
30733
41728
52172
171973
44260
86824
34681
24826
22702
1725
33537
66822
26531
35808
78111
3280
3415
53050
34881
76538
9250
52540
17637
85175
35205
4721
55080
44071
26801
29238
5123
22447
66579
5489
88749
9007
31730
41017
65604
20658
75605
42726
16632
19681
53898
3846
91028
88463
60100
18733
77434
46169
28391
41891
5924
13170
6659
4421
18327
2709
48680
17040
10658
57865
59181
2176
50291
87422
10626
30422
46931
9103
6377
71903
69091
75357
69436
77316
29655
22763
11456
31551
10544
49599
20893
44841
64791
6185
228269
37186
19730
26552
42601
5603
12960
11268
85765
9751
11926
30195
39543
89843
6345
21030
85735
50153
96902
61036
12287
23265
23759
68117
68328
83098
39111
72992
58053
40003
12691
7122
41690
21377
41658
15766
11369
59950
39910
69866
57201
7768
26758
18163
1155
43226
41996
71942
50174
9805
21156
63963
23132
68411
213922
73508
40389
28884
69045
9614
21618
24321
84152
38795
31881
22038
87980
47198
22112
23163
35944
48440
27050
28297
15544
12521
36385
7589
43871
21164
36683
82515
2039
57205
49378
19751
57805
34646
42051
29109
39034
40522
12950
21203
12148
18667
5672
34551
83853
31662
72172
23705
4627
21335
42993
58362
17418
17477
59171
72619
21689
22407
78547
5652
76037
70735
24231
80186
47094
49516
65337
45901
72909
15103
43100
24776
21380
53315
50477
40799
54269
4099
16011
21189
80539
46428
69211
42689
6926
13097
37514
68797
23144
45002
23703
29052
17860
82228
11699
57703
39647
4672
35398
61103
35048
12044
16219
22259
36514
76763
13230
29784
75725
65523
48975
63343
89359
60552
63276
83671
45175
2087
31876
10017
1663
85994
29839
44290
82111
238830
23448
26264
69876
35110
56491
34048
71428
45030
62700
74287
6314
43709
60676
27585
19520
44501
70103
56364
23848
56911
48352
14228
25977
40769
82004
40039
81091
17247
45429
27063
13186
7476
54507
69579
29390
8104
58721
69264
22879
1878
69132
19181
10316
42136
34700
2690
16916
44240
40400
38787
35644
18717
65676
24663
12312
33182
34972
8080
26895
74724
4174
40866
47997
20153
45862
35040
71202
46636
25234
25880
89508
3995
8358
25228
11107
20089
93805
53075
86636
14765
19409
18944
94109
13111
92493
6584
61912
38279
82996
20396
7751
62356
56009
22963
17907
12365
32325
19359
46567
9180
53276
27898
54556
42996
27817
44028
13820
66569
9780
171458
1851
2137
28370
51347
64619
47221
50853
42727
19600
13354
58449
57360
56617
42336
69900
29035
32314
92116
88965
25467
26417
66633
14486
66454
16234
48485
57043
56434
13088
43217
48081
27321
44166
13663
32791
8707
249
11592
2647
9195
90752
50232
44606
5296
1583
51370
6180
82617
60627
91438
4966
15062
66606
78433
18397
28357
81847
81845
65136
88378
71022
35080
68578
91703
15165
68024
13581
7870
60730
36641
69330
53021
23379
33070
16875
16622
17028
79752
25889
38208
24281
93364
63157
57815
76310
23090
11756
91871
16487
42997
49299
23033
10004
6101
6078
86052
85213
57014
21246
3615
87584
13636
71168
60267
47479
75227
21327
84815
55395
37466
702
92991
30119
54374
29905
39842
2684
27682
73859
26621
21262
14287
27285
22677
13982
19336
18821
65454
47471
12680
23598
68954
57287
22905
18682
77267
49147
28979
32658
70809
4849
28778
10094
16004
88858
34055
86448
27428
10368
20290
81896
56948
9434
22417
40357
14012
47455
12653
26458
29212
62227
14701
77379
36371
38365
95235
20295
85429
73789
51427
53579
47775
41657
19944
65478
71299
6606
16506
22030
35094
24765
73294
36029
89482
24942
24572
48264
78749
17344
36175
60204
2384
38005
25473
38334
73119
50934
46188
57419
34731
70032
16174
54484
70583
94896
8118
10666
88705
12159
27173
94718
89516
18668
23823
84686
72313
78744
28115
10756
33825
13618
29183
63119
42183
22713
28221
22622
236450
35675
38712
51284
51881
52365
7269
26366
60054
67538
23497
82035
91655
13033
28436
33350
45625
31071
51657
4974
84348
1766
88733
62466
77269
25678
34185
31809
56064
4519
55967
8365
59273
38830
65783
61191
78365
43242
81910
79381
49445
33074
4938
66069
16995
19285
93548
6003
66351
57829
3940
61741
29889
25762
50604
9838
28445
9938
26636
48729
34503
51854
13901
6353
9689
46126
46205
57385
45932
49098
9059
15288
72443
10495
72635
74252
209480
21251
45722
36889
19823
92681
55698
96143
96017
97018
96200
108674
88635
62770
81294
63277
196369
78847
73097
67446
61129
25464
96317
49717
92296
29831
67861
84818
46704
16413
23492
5054
22439
40121
46664
92967
88164
84137
173976
48671
7961
75884
63326
89533
32452
77127
25741
33880
44228
195870
97423
96709
98125
98142
96605
98276
142898
96275
96706
98924
105650
109210
96363
97149
96123
96725
97474
88566
96099
104302
97273
26076
24273
116773
32478
2182
92981
48768
34812
174282
27863
88276
18229
29753
12617
64603
19322
16105
23668
22586
12185
79562
90977
94782
82390
32122
91907
37230
39223
70888
23527
28895
79272
21284
36125
37726
34506
12532
60004
18315
2963
38587
34156
48301
10928
3942
12722
50803
49107
18778
17957
35104
8847
93266
64867
15107
93148
3966
7767
33170
27597
21135
41303
51492
44378
9374
21561
53119
84408
4160
71008
14823
70797
5749
10681
20957
27649
11444
6179
36424
25161
32650
38226
75793
41040
15887
91543
66336
59563
48282
42332
31285
16834
6449
38556
1415
40024
54056
233694
79920
14600
3123
42170
22041
9798
25693
54559
29954
19748
27971
54097
22302
91155
86851
13157
91050
32683
62117
64029
21017
30674
58855
44173
8672
71577
34122
71963
82732
22729
5909
79033
10787
34780
56793
27123
11146
39250
33850
1962
45079
30411
41440
36344
77068
70069
48366
36706
12368
71220
22217
23937
64073
73397
19216
21309
88428
83845
21138
45106
3182
89788
47907
52599
240576
81284
23298
14134
6210
87539
4067
26108
66788
74636
32745
54564
66631
80025
80943
13877
62750
2457
80706
91010
68417
18949
9940
19058
83312
52819
17027
72249
7619
18081
18018
18528
31586
54003
77028
36984
59294
16325
90400
16021
77019
65827
43752
38097
47985
50935
26294
66877
37326
49329
45161
6013
33066
6647
28150
33534
51442
40370
10608
33146
66474
46928
11385
3769
13718
11509
53396
11841
80661
200504
25844
44009
5960
36634
68754
44716
35218
77006
49348
49496
25836
51775
46492
41434
5094
55711
67072
14566
17628
18199
27942
67212
4024
4066
65763
10824
13353
18387
90790
48677
38016
39215
43999
25764
17750
21070
28923
22689
92380
37651
52620
78194
10321
40890
12665
80529
21700
35947
14837
80131
46676
42123
41718
13503
90594
34204
40635
39331
9886
65961
20533
73943
55038
31830
5971
755
22114
78931
25150
67994
59322
14047
80096
45666
46032
10344
55116
53800
36222
84919
29284
5520
58439
84247
230501
16972
9442
6949
55722
43173
33813
56041
25310
74691
1688
18907
63406
69905
22106
12947
30180
58647
26204
27621
29544
29343
28697
24817
26468
27307
25745
29388
28688
27616
23628
28362
25260
27288
979
79665
9265
42470
36465
34912
28800
39885
209218
26875
71084
45012
52767
64048
36601
29785
53333
21964
51465
23155
31954
73377
13697
81572
89763
33199
33836
20416
35502
48026
80334
48987
91131
80445
26214
12288
58589
67539
94439
1391
52406
88283
62257
94257
8122
9375
37716
47663
20993
89710
49677
38386
57038
10104
73833
69940
76862
47838
66939
4266
69413
71651
42069
34860
15018
9234
22195
81699
16913
80527
75297
29629
32455
91311
16346
70446
10351
33732
10906
25124
12315
48221
80115
54562
22701
22939
67464
27807
25813
22019
8459
47298
50925
56627
31708
10291
43585
75331
88091
15284
68401
17176
13104
29470
52796
61834
18526
29116
59007
5567
25827
6258
12493
10870
72097
39610
19417
72573
62502
84582
78574
56542
84670
16237
13404
29913
61499
34779
15838
36028
62509
41808
8960
55814
24905
79756
8193
26774
37327
75902
56205
44907
67503
76583
56854
31491
37552
40302
56940
12695
52477
45205
80365
8548
34842
52932
10175
6236
27387
7763
23749
4013
9968
77339
18493
28156
20523
19173
22273
13311
46484
75880
59435
3651
23079
57866
60445
5093
27868
50808
29285
20685
43688
50971
26582
46211
23815
70159
88673
39886
90668
56468
51371
47617
25787
86025
86992
6259
17295
11266
17114
59763
35793
19593
34476
13015
70452
59234
86753
30744
40510
89494
18369
94662
70176
60120
19055
23672
73754
22814
8669
66795
17487
92007
3890
14502
18870
59161
75191
28469
31555
38578
77564
36884
49700
3783
21933
52833
77565
18698
21147
16032
78575
95392
6222
4226
8248
56498
47272
22592
25296
84832
28168
89563
38248
6462
28510
40450
24133
71457
59427
26073
41060
88182
2328
35650
59275
28736
17387
14704
51581
52305
52636
91066
39429
59806
76556
39829
10994
7339
20434
52858
10075
99946
9333
52789
47734
91158
201168
85497
18050
53615
17714
47902
94735
72601
77943
7737
54633
49644
5636
59740
68859
7972
24500
32767
7852
60106
43518
3963
75388
88227
37141
84709
9846
2102
93490
30192
43618
56148
76914
27650
79531
86335
65463
32832
58861
12121
17953
30640
5864
20048
33544
31971
58571
54352
87225
19613
15129
46767
60039
19835
1093
7917
47530
69089
25504
45547
42267
66073
41477
77114
32798
246696
44174
21489
67586
23807
24467
68890
56141
522
32923
12821
67577
7527
12036
45866
87064
27517
20815
11708
3342
13146
65590
88962
9943
56791
90530
30346
182186
49101
62407
37508
19727
17596
92076
86308
83091
7430
49469
3169
73227
53132
2110
8673
54521
40659
29697
41959
39099
10361
81362
35605
19226
6096
51493
89562
87245
79470
25255
62490
57844
13260
46424
35142
37436
34364
54133
44959
53019
21755
65305
27556
76491
30656
23663
87513
61338
25025
53739
52939
65177
42873
3452
33924
991
84717
23409
9166
83220
61744
15279
37955
62866
26278
35904
54393
92254
55594
81885
34541
29636
45617
6985
60453
65771
22057
8817
65678
78067
66692
25115
63193
87682
68559
18002
31519
19653
37154
30367
54431
31445
11151
38372
21197
30070
9851
70757
80403
4464
43301
7719
5551
59476
32341
50053
1493
31988
35028
60831
4297
83264
59256
89456
18536
5403
14999
22415
6604
93528
82526
10558
20828
13847
20220
31816
1454
74216
32873
73016
88931
16103
55221
13479
42015
3782
46568
59310
5481
35239
78257
32707
46459
51875
9572
87759
35340
20337
73673
9862
13582
36773
69772
33575
78033
36071
51043
39293
16421
70005
9489
23810
9305
50288
12262
9467
21003
15958
36038
42241
30243
242332
64025
22640
59640
93995
55831
10144
1813
63125
33311
22764
81639
83246
11489
50081
215495
44608
39985
21038
38324
71896
2227
17345
41168
22180
15394
16302
22748
6960
55374
78397
24290
50186
48594
20684
42490
5448
84452
13109
50263
10942
53784
38472
82833
46537
78951
63521
11735
12071
5217
50638
17423
36475
18234
82358
14860
39794
21136
50776
58938
54409
34521
29479
8203
40022
64403
6317
79277
67257
224662
3873
73827
22884
70275
11853
53416
68159
245083
21430
35381
52595
57338
39801
53580
10499
74587
17182
4454
24864
61815
42737
70553
77653
5847
10771
5101
14912
27647
95328
5968
39105
84477
86756
80671
71316
22678
65276
26953
10781
83782
13187
44363
80358
40722
90765
24250
15396
35975
41705
74762
70013
27280
18210
23212
68716
26729
15045
46772
69466
39308
30892
45707
77930
29630
14747
57832
9577
49349
14315
87313
29221
50687
66755
20036
20004
37877
46076
18392
51074
16613
87116
83855
45044
67070
16164
74159
37527
44142
61156
35695
13112
62065
66753
16019
73019
43175
37947
42318
27584
66913
6367
84687
48834
8776
32694
90696
30836
18015
11550
22117
84338
93571
69199
202863
16961
12156
42024
79497
33601
13261
53901
34905
17175
26031
80563
26379
77864
50024
12661
10807
43668
42860
79161
12384
80763
59284
41687
28723
70953
66789
48929
27483
23439
69938
22755
12249
193553
74441
28060
30122
40928
40208
60936
16886
52031
23025
46485
41829
41237
43195
59418
2237
8823
8070
10808
31859
30855
17427
32396
80806
34742
13964
85421
14230
50278
91458
8161
17684
14965
69583
10253
21737
66470
74818
46174
44261
48416
21467
37686
22036
11990
15928
28705
91636
38607
32148
34868
89684
12381
64016
17005
14316
73167
75509
11617
5517
62456
39341
10632
35452
26930
21947
28021
55811
31454
28454
85101
39673
79242
46056
49754
55940
54478
29012
41326
43380
22663
46423
45509
32064
35355
23758
53156
48713
55403
67253
85249
42711
42595
69167
40581
54105
66269
53115
63265
62381
75608
48728
55773
95688
77291
16320
47132
17085
43864
88623
20758
4279
75131
78387
66325
83142
61862
42467
32765
62731
21127
11340
4410
10861
15581
74626
89653
81665
35258
89943
5429
29203
92366
17933
43156
90655
69351
31008
38848
27157
82271
14990
82984
66517
65070
39480
33233
18214
66558
30421
19483
88834
46310
57065
48984
83668
24063
32956
38354
64028
46607
19934
67649
85681
1900
51010
26908
17614
39448
74730
56040
17080
2727
89542
78992
861
55161
69419
71374
67759
54109
42586
92016
28648
22509
24672
60718
39130
18146
36333
14334
37396
18204
76888
80017
32098
85811
16033
23174
20547
244032
95828
64623
78337
11318
89781
70944
48421
20626
44849
79031
18226
16787
66591
54853
20030
59946
48003
22750
66729
23142
64777
37200
8520
39859
174120
40505
10117
40149
8323
82811
7543
77903
22597
17959
65469
57613
46766
31759
87382
7150
28230
86512
39651
17383
22342
70703
24580
27450
4250
10820
40014
24383
39509
5640
48631
54279
46293
7853
23235
34225
12401
53653
29199
1372
36992
11840
71281
97949
96540
96147
96750
97425
97493
95826
14183
20275
64778
54543
1164
71163
19858
27605
40525
40606
43082
90635
62207
76844
6305
57231
20333
8720
90743
90356
31249
27165
3096
66374
3788
48889
51071
38391
30132
4387
10141
28472
41941
72340
90194
215063
27132
112240
96719
104594
96936
97328
97158
29821
15506
96091
101706
111937
96335
116767
97039
98168
101885
120079
100041
109185
95824
142093
58228
38666
23720
103857
97996
104049
97485
100581
111771
98411
109533
99216
99172
98653
17658
93115
64570
24455
26973
30128
12440
8876
32691
5230
78461
45665
68862
35749
6562
9682
46566
78327
39298
21949
70152
15849
31803
49870
46443
18756
33361
7480
113588
46391
24813
27688
47070
18474
84154
60908
20200
73872
22815
46983
10285
41499
52923
22967
72419
14181
21345
22006
78932
44026
54051
50991
50788
24097
9030
14532
39532
31769
26516
20682
75327
40424
29872
57835
17052
1935
47573
8135
6284
69499
87625
4059
9507
42418
39770
92961
35451
11552
19422
47235
49917
21357
64344
12920
19047
10760
76199
51198
43179
14481
67237
3971
4949
3910
2178
43525
15504
3089
38937
29495
27604
58645
66702
28792
28097
1936
22267
23870
9361
52726
44145
12270
20040
20972
6370
29781
26570
71295
12243
82745
9171
63670
69660
49213
66576
51703
40028
21155
24507
2946
69006
23205
13151
15180
60159
89161
26260
22349
77682
85489
18839
78777
61857
31650
35016
35608
40215
80071
10763
22632
39291
20476
48606
57440
15951
67605
12303
18388
81066
95462
48145
87725
81193
18407
5397
32918
8332
20456
89660
41255
34811
25573
20848
47286
54263
44780
46464
51901
75332
18445
56941
11783
5451
58768
30742
68071
26099
60162
47279
85600
39601
24127
86130
31223
40767
54580
40798
18350
77091
93445
74363
47558
39641
46040
27159
41082
3594
61769
80625
68737
52354
92673
3943
58236
44485
66710
16093
48572
67168
12976
9041
243343
14157
14508
14679
38116
24876
11653
94394
37960
55153
94827
95457
655
6384
61478
24766
6152
83485
58790
17456
52175
31420
53675
15044
47929
52462
44816
35701
32162
35794
61153
14657
62788
89762
10680
67885
58800
78301
62814
7796
6512
51812
6509
48707
62225
4900
27727
52865
5632
35234
83516
10097
27501
12295
79817
27786
66527
28274
6086
32573
43075
41281
30846
36809
78695
41488
95259
18332
38895
66349
80792
78183
48473
88081
39386
169742
88909
17360
60921
32953
47729
7841
30313
20381
31408
26785
35727
49621
5212
65675
47420
36864
28861
59743
9686
46974
29071
24106
21037
226771
66997
55609
47451
41735
28040
30753
38652
20046
13702
26932
95250
84284
1390
20352
32320
76982
21095
38417
6674
10990
51404
7774
4742
77209
8768
8988
39998
11322
58387
59380
34992
81345
23744
54771
31611
5052
29616
70485
26329
62910
48560
49297
48809
10078
41615
10842
24398
46950
17162
60796
19383
41080
87284
48067
74217
8966
48872
52737
83359
21114
10879
12710
26359
14076
4527
83259
16028
12457
243418
44083
85376
57479
37306
44771
10252
16714
65667
20367
73416
16981
36000
67275
31663
24323
52105
46564
69544
50114
33648
46834
15978
35121
77944
234456
373
60050
86352
90804
70052
63734
38067
22864
37098
182531
9061
85446
18055
93293
75987
37597
20733
4034
31326
61549
27755
67573
64836
36128
19112
74067
50688
27578
46525
16781
77612
34379
22935
19646
20763
49839
14221
31629
78355
70577
51792
14732
12913
27277
84072
58161
33685
35252
34978
56410
29865
29358
58831
19893
68410
18853
28042
71827
77749
48134
24302
39852
84644
12466
35872
58559
56060
3909
24122
7942
40474
8276
48779
49026
14245
30944
39569
9407
5278
63356
27861
41920
26786
88757
13167
48897
53176
36606
67047
40249
23464
19561
80088
2642
75655
42229
70058
36256
18218
36885
73421
57269
32496
51758
82389
84362
2936
88970
29280
11551
14132
23946
57084
51417
88130
71545
34935
58911
45351
39668
76635
91954
18305
25293
27802
21143
72958
16856
245579
17952
36230
48668
58540
20563
74731
83802
41124
81582
25962
36552
56007
12588
49572
45597
18088
24613
85849
84576
63681
57556
26192
29490
35137
66352
42472
71102
46466
5440
2588
33862
212266
28589
38566
28526
5731
45236
81246
9732
7378
56075
13717
80205
66605
91332
48657
2580
42694
9403
6545
9709
55941
75907
80379
45208
60386
7981
11170
15946
72464
47139
32493
77439
33238
37831
10049
91293
26439
2608
17336
58156
94332
56823
22430
8880
36154
20701
93030
13375
58157
86394
42879
9389
23358
26346
35272
11359
4073
45462
84658
26270
73879
34509
44139
7458
85383
60420
26782
89610
23958
85993
59093
64486
26507
13664
56024
7822
64674
77725
62304
78399
18436
29387
49014
42165
77796
11078
73336
56596
34852
92934
22674
60099
26764
35289
40427
74681
27681
11391
23605
3334
72812
5113
46012
4737
26164
10921
56332
69854
48188
38875
80737
21753
5472
84541
45594
39964
16944
20994
49423
21639
35885
76961
32007
54739
53191
7467
11984
25907
37582
13999
12566
79210
24976
32207
13823
28292
38190
15895
23926
39084
54264
6944
6344
75263
78077
8105
27513
19543
23225
59539
45969
963
42531
72194
50151
49627
3243
96621
110843
96382
8234
39232
27595
52738
45397
44472
6165
63090
19177
24346
54523
18626
1247
20253
45847
92376
59531
50669
44883
25358
47952
11235
5459
8800
75130
2028
36221
96846
32181
19675
52881
50209
28079
37476
1430
68950
10932
21712
38108
230
76759
44224
14799
7348
54031
20623
47354
41497
88413
64808
63486
95637
14712
8157
65358
73116
4658
9018
226532
214981
86424
7293
24080
28552
8432
19611
150232
66664
58626
244288
56953
102044
90758
29674
50322
31625
94640
18066
24470
28441
62029
42937
37992
43309
48150
46699
34791
73775
19562
39981
32766
49890
54383
20131
38771
23546
23836
36504
37353
17771
3199
5109
84768
88471
44027
24451
2812
39516
72190
53879
88606
40485
77953
12698
12716
9313
7574
19918
27329
6286
22868
13480
43057
18842
20805
239784
91193
95659
52363
74049
90107
30819
128595
3560
66708
70366
71742
23447
67159
26300
82505
47302
39261
36883
75118
22588
4843
227920
45558
66293
14027
53117
17116
7519
67526
45830
24690
55713
22565
32117
56111
16217
22271
23468
32123
54140
58163
85305
13105
28177
20592
82450
9243
82800
89538
14957
17575
59966
37410
7446
50754
45077
31211
1709
20646
52256
3633
20781
6068
6357
36676
34053
82184
66854
14722
45343
5352
2350
30308
17283
51000
59908
56570
13564
13063
83934
20765
18107
10262
27021
41998
36067
11257
7078
65139
78934
42914
38117
58144
8621
21894
14072
33513
46025
71217
32792
62195
24575
21423
38698
30054
103
16741
83920
3596
50802
17237
94664
61281
37618
95294
62881
237344
62011
25447
75661
13268
11566
75452
36303
13987
7538
15722
71405
52934
10197
5791
67167
21507
21356
54809
87695
21697
10933
20631
6724
31677
63453
93437
9556
56547
40507
93653
40497
23934
84681
63792
49401
13062
20510
39752
44055
14246
18831
59965
83876
91971
39149
82802
91826
74444
33293
51726
76373
62756
17092
47092
87568
29133
56095
59042
52569
20216
48406
42661
48704
43797
46138
42108
17763
33302
32549
36841
28025
70139
75394
27719
69192
18402
57684
20790
20801
59700
31649
7319
33468
25118
53415
36027
47097
53886
17551
45771
5862
73671
85850
75741
74062
84529
80350
10266
23435
79118
48920
71621
7364
44669
52919
10767
23868
40163
55755
67678
37372
42584
17480
50370
56234
19851
11590
48637
14263
94674
57171
58814
69081
38126
12297
41496
9457
42517
91952
7231
21874
52100
87855
78198
14340
19699
63854
67607
36048
66590
48939
20414
16024
31760
8170
50897
29657
13278
59337
9518
59175
64338
72310
28746
92698
17855
9421
56877
66431
54965
17415
22794
168556
75048
26551
15694
6833
7064
70833
47824
27614
44827
73068
10479
35898
13017
7913
6945
52417
59717
61563
174548
36163
93393
52109
55217
2558
5166
244
2550
176144
90496
41291
93399
51132
68707
41019
78514
24882
68359
3416
25519
89729
15583
59529
63430
46660
68802
38764
34828
84086
80711
16636
14770
8202
72592
41863
31591
27167
95286
56385
21011
60687
63092
64441
35769
80240
38113
79873
81611
48605
19632
12826
4756
31564
18747
87206
93212
52351
7448
18641
77309
77082
16771
19669
45382
18235
14123
49710
70649
79528
5616
11239
28210
22444
79133
17331
12070
16326
2890
43733
41452
14276
48904
93713
52119
34537
66196
59884
83523
49296
58993
49293
75882
14081
6573
31596
6376
37028
76762
13643
53310
41710
60907
35568
78417
48698
45132
36373
74756
23466
60712
44986
82071
43571
20503
19814
24014
33337
68574
43954
183485
15058
65427
9377
64251
38270
27272
75165
15183
13641
37607
86201
81585
10812
40350
88898
21670
23962
11016
42590
26854
28845
21146
11630
24534
71379
34133
40936
35981
38680
37093
61037
40509
44025
51924
67681
59341
50760
94442
26282
19218
26292
66811
70928
49380
25577
64199
47897
64503
37971
50956
51878
14270
84500
73720
4832
77352
27025
89619
66741
42881
27309
76227
28009
89261
13272
33932
13966
16850
11101
93529
73341
31640
21145
9196
36843
80103
90681
55021
6921
49948
81473
58843
19596
77348
59375
22988
11100
4074
78219
22724
19724
95177
24435
11031
11554
73292
79483
50904
64009
36046
54072
64241
82134
78526
28323
65526
59870
46560
23604
49617
95554
90147
9097
85406
53346
65407
87150
28100
21399
32076
51323
64160
31991
71659
59484
71300
39350
53309
9818
33421
24523
77929
60046
36355
52189
44533
22769
26969
45823
46041
21973
17438
64370
20496
19060
74119
52140
63286
40167
61387
53866
23940
90946
14956
88186
14621
41468
49047
29589
18498
29270
32807
47090
23055
73250
51145
35709
90558
72204
14397
76067
93251
45153
20654
16061
71230
53030
33865
79690
86777
10163
10617
33059
30498
78249
78606
65368
33731
24643
59690
17022
13830
28399
86342
75717
83287
33260
12903
15379
65990
66908
25824
10584
93890
76046
47485
62586
62398
75505
93260
35667
70008
16403
84109
35147
71967
39240
34548
27074
58810
10508
27845
22706
7979
27080
25002
23257
27540
33280
28963
55862
80321
18724
53304
36491
41347
82895
47743
30081
60553
69516
45395
83268
49334
52753
85639
87680
25301
20326
11795
95150
18982
77370
75932
88200
63245
25189
5011
70309
62041
33155
49366
52418
43473
36410
13926
77740
91443
15556
25184
36398
89724
36798
31510
34706
23282
60029
17253
36452
57788
44953
56578
74635
13071
69245
12454
7220
61002
33674
46255
238473
36109
27251
95527
95265
64163
32917
9603
19408
16828
69095
24191
73896
88816
23850
21520
7129
25213
18442
71875
64428
30572
5626
30677
16532
29467
31931
32612
61580
28401
6614
237084
85403
55457
51451
45553
74814
25438
15616
3077
56714
47357
31675
22682
64233
6394
18144
86254
21592
14341
16962
17136
48023
40797
88661
25033
25862
46026
6665
23053
40040
20847
91663
25479
55649
9708
12024
47620
1490
75240
46778
77635
93383
79503
22681
39285
94633
78108
41494
59699
114
57315
6968
33980
5918
217289
75135
24347
73594
52946
53137
41564
76641
42354
46061
69916
32624
12364
61948
17248
99581
97094
108719
97785
98122
98416
99214
96581
98619
98118
35760
95762
74001
88299
51086
229169
68987
77867
28602
13561
56759
67330
79863
39019
52046
50809
231385
7522
50251
39200
30307
31907
48721
25445
84250
26867
63042
18893
3386
75964
26297
2999
6200
16394
65450
12053
30587
6351
9677
171716
12050
65677
20675
36131
182157
25144
10794
37981
58128
79774
6908
8336
51589
28622
63004
70440
11030
44532
75318
80265
64198
63013
70618
21605
39577
59066
17725
40217
13454
77588
42068
168891
64560
52966
63609
70016
50409
79449
97426
104241
99444
109248
99448
98469
24178
96176
97560
96490
97998
111438
109015
97281
67611
109238
99128
104426
104406
97121
111562
96847
97375
96580
96845
111124
110191
96310
97077
103934
98685
95895
95946
98138
100573
108971
95960
102112
97118
97447
35887
187746
30660
9728
88759
85193
64151
56705
50728
134794
97761
95909
19811
10443
8411
74892
98418
20468
96276
103745
95940
110691
96985
98820
104268
99476
96068
104131
95537
10456
12236
69572
17685
36366
23883
76409
81377
30993
49532
18259
2841
77424
29372
12031
84847
39511
64267
10249
79170
86419
16389
7840
34444
98644
102454
119132
45072
45593
14409
40082
70689
54450
27419
47224
74401
20841
219884
24712
95533
12063
24215
31219
66936
60396
91509
10687
53400
82935
32261
27811
29886
75530
36515
29429
19957
22553
39748
39329
92207
32280
1832
67765
20239
9799
95451
85469
77802
73275
31179
18006
32467
1460
28229
69505
64635
17197
25246
25706
65962
82757
68470
59661
34744
19404
8212
20836
79641
29867
11645
42909
32780
24902
14457
28199
18200
54551
43329
76795
20043
58253
95301
22744
92706
10090
28921
75508
60367
37984
32030
1645
58383
4348
54265
33045
34757
20420
21052
11317
28544
15448
50580
57898
7036
63400
6855
22141
51672
28378
68042
54359
35275
10613
8271
51097
37793
72230
1197
20433
72191
91255
172735
19013
60869
11780
39226
69246
17930
89850
15614
32373
26963
40727
15194
16528
88034
6569
53245
150106
9912
13333
77761
5293
16807
21778
43499
19301
38474
46438
55156
34589
37800
23299
38985
88361
80456
8230
73681
27906
79336
27196
24275
32975
10904
21861
16063
23417
5776
6045
80361
95242
15436
22421
52393
50635
23512
67347
93000
51067
27549
34743
62149
55247
68405
59300
11845
46657
59054
76706
67157
18729
7002
22636
25307
59907
87624
35481
13795
14670
13776
18041
4740
75140
1823
82286
45042
6947
47380
22254
80165
3748
30852
3383
78929
78981
38090
77506
92975
9826
86549
86538
44043
66369
242596
16193
70637
13022
72156
17671
6537
36953
35135
54661
72586
39407
87887
82841
1239
82206
65199
9870
7967
45888
1861
16577
42773
15443
70243
23526
54236
23245
30200
29840
10841
88216
53708
74162
85144
33701
70702
46499
27547
1309
58524
15314
38176
82558
61406
26537
47500
5239
17187
35886
18331
11816
19166
56653
77143
33777
23116
36814
72873
85434
19465
81646
40574
17186
79471
56805
86915
37001
22380
6924
58930
49223
66099
2283
15374
58196
58719
30239
4690
42837
64606
17008
52204
13906
15445
51334
28928
71269
61536
8079
58890
34951
82460
62210
83964
28188
81490
43847
94015
17481
38663
52916
9079
29540
3552
169199
26783
59720
14595
25177
78062
81292
66926
69461
66127
6399
56338
48997
17225
24810
11854
27271
90865
22004
36519
15362
89390
60088
24220
28912
75307
39788
79961
80935
83272
95400
52749
15831
94538
66070
9945
28162
70512
33525
79461
66320
7169
35325
73313
33367
9047
11944
70248
18905
14390
16888
22802
25614
14273
45838
45477
23588
58544
15919
33861
24633
50366
70558
43849
15500
38203
36527
72606
32749
11846
8133
53074
16767
51638
55504
18551
20492
9928
77488
57945
44208
38210
24262
19046
4470
59281
19027
56427
22459
31412
21915
95703
13733
88337
32954
94606
12166
89784
24274
18787
63401
29370
8041
43278
35477
12693
70160
15356
39069
32283
42160
87860
69725
87753
8448
59141
86724
8775
37153
21166
58304
4183
50652
43194
174945
48159
3471
45848
27723
46472
84139
4845
70908
70150
70074
28943
31133
107
773
34956
20375
86581
58737
7940
9123
18559
18505
31624
11454
63115
29019
43296
54052
89387
64434
44829
11084
73873
57263
34414
21233
19184
94618
8634
83555
26171
21781
15994
21601
1629
58675
30401
94979
83214
48706
92711
13970
20890
86870
15465
85251
87668
23414
67521
57246
66185
43725
32305
22086
72052
44092
19605
33449
11844
52017
87020
88591
7011
162281
32143
10864
36642
35364
47129
14349
55211
18587
222064
64379
86667
42166
9211
66443
82938
66309
9984
90096
23773
55640
86329
30826
87374
93738
91759
22245
36108
63885
49996
78458
15606
25776
12926
32230
16945
76270
91761
77067
86472
77357
86062
86236
239724
83698
35211
79650
52654
45296
73058
88824
54972
52520
30149
58190
5771
21375
17833
61355
57441
60186
40122
19712
53624
90053
80084
86170
21925
69496
43121
11624
95017
80344
61265
21660
15262
37655
68712
21370
55432
51248
22974
75426
30010
72667
66445
52856
17844
8081
86829
41495
92743
35483
37562
68297
34421
68689
65390
28740
65903
46599
80316
48200
19824
68252
63711
4189
19716
75282
31627
53636
8724
40645
58916
24125
38922
63359
74646
49836
70918
71905
40844
80980
28777
28368
23237
43083
30823
77837
66814
43960
13772
35052
26600
25098
27569
59916
88353
67205
43210
55712
16324
65552
89454
7985
53490
89882
25166
60126
6979
241010
27591
59172
80337
37329
91071
42618
34033
78012
67263
76626
75143
79512
21948
29428
45231
32429
30009
18856
24272
82858
41260
163514
76419
29261
29815
46782
42718
55320
19556
44672
92124
49894
28207
11589
50364
85812
64121
79811
21558
35427
50872
38402
42270
47405
54474
94699
78669
24319
73691
16254
12273
84805
12246
49061
29013
73945
34718
46526
33271
84278
51997
71505
29870
176574
33380
34586
19475
71194
49332
79937
55363
65844
24034
50299
36372
32892
1893
26093
1161
19752
8470
91380
25786
43245
1084
12551
79621
32905
49126
16817
69770
33914
12946
37016
4783
22784
54746
11750
72751
32757
16457
15220
46839
84889
27373
15647
27051
101
35895
155999
52426
84785
57991
74799
90888
90478
59963
86298
32990
8496
15038
93711
90051
39896
25913
30764
27191
49227
6629
57475
36351
40195
36192
50079
238940
62415
6279
21521
36158
23892
67920
66111
3695
82000
6819
21367
213903
35015
51083
44287
82733
5801
31241
43182
20958
46374
87572
6368
46753
61841
42035
22129
163981
7208
63189
21822
39076
35295
62106
63020
10844
38015
40396
17332
68099
5656
29532
40110
11938
85704
14677
30197
47621
9893
6655
27804
9054
7607
20606
10488
84164
80113
6622
63779
24105
10629
59730
24893
80070
21921
90948
73951
36238
41097
15751
16985
44723
1920
13277
65452
22544
87995
55415
36189
11633
31000
10697
28991
86159
54625
95122
9775
22767
4986
69052
9541
75235
49012
19020
64861
95104
25440
12465
221794
164153
7213
78424
7919
8684
90508
65495
78170
18818
72184
7965
35937
71865
21330
204065
31778
32751
40023
63437
15490
37923
5195
62158
54079
29775
66723
71981
89130
3891
44647
49901
82276
76707
81218
26055
66204
54285
57914
37985
72529
32097
93590
83332
9447
8578
51041
82959
35404
32831
58612
89792
12087
52938
17810
71061
2202
8916
17267
91786
44614
30027
76579
88694
52478
30181
27926
14407
50395
4634
18900
1624
115
15001
53184
65606
45039
41246
95518
89583
29256
26847
16308
241856
27844
38806
22630
8086
6850
41339
83839
60894
67447
5082
205626
58797
80756
46095
31311
15155
94348
23434
50974
94800
53951
59952
77602
23932
99927
99059
30931
24574
108643
55091
37348
69284
51922
29641
27338
32659
66460
5247
21542
34218
91483
19319
82712
74677
28483
14319
37824
2161
74525
3686
52736
30704
6455
11095
24816
24317
27879
34132
39656
14205
28380
80427
16973
31765
23708
20594
10623
4638
14607
9263
53475
35682
58535
14427
23010
57675
61903
62919
43130
90907
44586
50019
81882
56173
51406
47934
22697
5735
67728
39809
95018
82280
27735
92524
3836
62830
81661
57394
6155
50525
7855
27040
81924
48952
45829
73065
75042
36806
89288
21316
91500
50726
43735
9574
59067
31182
21085
13515
87986
22215
91354
62244
31361
34702
10693
75026
27475
15733
35612
60943
57151
44598
5381
39556
10988
76644
16337
66907
42368
16906
6110
11672
11685
41280
15270
40516
90355
6401
13440
48646
76980
9219
91385
53170
45140
26899
47731
38672
58420
32797
57297
63933
15885
60915
11516
54731
62985
30824
69369
12130
13968
17985
80838
10085
11609
32490
78819
48895
33764
38175
79938
38595
9027
84125
4651
40559
1207
47399
25349
73804
88198
26179
44699
71662
52068
15433
44846
39456
79150
78950
88766
39087
11583
45904
71539
44643
26911
58456
38580
76138
83283
42281
75008
5657
22196
70938
18334
7349
31973
20926
15208
44439
35368
40900
61846
75606
31672
80761
30586
70104
15794
70059
74994
60477
87138
62683
58696
15513
36781
35181
7351
27679
90242
61995
16655
81500
29854
25149
37506
31821
24235
50104
53903
74644
88744
28593
64179
7001
66904
62134
69890
26858
44401
91647
52940
37725
89518
22494
48684
20021
38421
22900
54219
35614
54333
246
74054
46849
37554
88150
5367
77231
88567
31945
68194
69397
14188
13386
19107
51487
92502
65753
47526
46133
71565
12285
27382
12607
69009
70294
9653
79710
13731
22469
81288
47074
37367
8421
6471
87501
83712
57371
34643
49040
73223
22618
24914
67864
9348
236370
70042
41125
90650
9773
34898
16686
23221
45702
8486
21710
28708
2633
43736
35100
3324
20632
25333
54882
63541
71930
83554
35290
13132
21425
40153
15228
14730
72181
38911
90890
56583
43875
42878
84721
11314
10471
44176
73755
75371
13121
15589
4521
45338
2055
10669
61982
23752
39492
74708
41636
25849
68069
82868
30262
12429
30135
45660
74399
61220
39920
30215
28788
29727
27487
225732
28089
82316
69383
30019
83673
81003
8415
22209
61349
38696
49023
27838
18079
60480
25291
13675
13705
39994
17391
12549
81429
58146
7823
89471
58215
200637
73749
10166
17296
30459
8801
92387
28120
3569
63387
77420
172499
59960
70092
17479
86304
76576
9804
76070
16667
53387
45820
9955
11374
33365
95272
3205
35436
75963
73995
38318
2130
43870
33869
9480
3490
91156
63142
59049
18800
68169
62377
23896
13023
91022
23186
90450
63068
17389
81908
85502
63344
82908
1383
5899
78323
23550
2147
73504
27721
3056
20017
60337
32198
49873
8456
94969
94368
65864
23519
67406
31302
73535
21798
2337
7931
4170
85054
76780
90144
20946
32087
84901
29070
23764
14970
58247
8283
86378
9086
78593
14282
21056
71003
16250
12679
20968
27973
10018
1499
12484
33394
53453
53893
92870
48600
37245
29088
44245
32679
9545
19689
155486
48169
46826
56186
34626
79717
18586
90479
15663
92428
22182
4204
34099
25383
94247
39487
7957
58874
41322
61660
17252
9670
56239
71097
91690
29663
24681
251
10776
70301
35541
44123
87049
78603
24502
92224
87208
9902
73427
85598
58959
78915
68681
17586
41775
51224
82906
29792
92423
37932
37700
39037
49876
35199
1530
53482
48047
42299
58261
83477
83131
36097
56268
54440
39135
52192
89997
74743
33472
19390
8500
216007
4735
75389
15030
13558
86844
20550
52111
66307
9156
10980
74307
16393
47799
69239
34365
40796
4855
51785
31023
28571
93048
64157
20571
234463
68125
51254
42198
74423
45210
95124
89927
27255
94205
1974
61543
14927
31453
40539
46808
71572
86306
32731
92652
22025
47396
79783
92046
21218
42331
54159
39874
78909
24658
14250
22766
32102
38503
22092
35471
14325
77851
45615
80701
88377
50962
79856
80116
22672
7201
25790
67894
52943
89458
41590
15746
53041
60866
30730
91983
16717
55857
39281
44826
53369
32073
175941
75121
82139
43938
22190
43480
62214
1952
54929
21730
31847
17261
30899
199252
61309
36480
39119
37332
47319
39211
75415
7022
26649
85458
13046
34534
13913
55110
46252
20831
82073
43509
37747
17238
11636
85912
6321
51326
18676
64111
24478
27962
57861
47085
71598
13315
15083
10113
59447
16411
69587
77164
80363
83889
32299
185406
39110
64773
48318
54253
26105
225347
36670
65588
82525
7748
177224
81479
50267
22862
43924
23772
5387
27661
26495
72428
21828
43917
46069
52961
32419
80045
9216
33729
90868
12286
27701
80019
10260
24608
24612
24206
76734
68045
39990
35240
221653
57878
66251
54775
53631
46121
47703
8835
33724
47007
18906
88771
11894
1072
90109
221376
4825
14447
75259
165884
13813
60705
17724
43196
72409
58636
76122
41702
34043
38742
83784
67436
32582
59301
89899
62050
36662
50275
32544
2004
14374
72630
69025
83218
58966
12951
25672
88476
38925
47117
156301
12815
51906
58851
61391
85894
75049
69294
49774
11427
11288
84909
72729
65964
94414
19074
5297
29416
88076
49174
46353
52124
94399
81456
95417
42002
25897
28354
91402
89346
32770
1983
23793
37869
18024
47140
24811
45664
191904
31195
10061
74754
70867
163834
44671
31556
35932
50735
26597
75789
86771
18128
40857
39390
61782
59668
238448
85475
22120
64763
74194
228
87608
18738
33291
23369
177218
49415
46721
61507
9660
35460
32623
37944
82681
10896
81837
23905
84225
29361
13028
46863
65086
24543
15122
23498
48723
30043
23549
208763
83730
85673
38845
23595
92781
60155
32032
7534
85491
14043
51301
16993
20042
41772
31022
34281
59713
14168
77169
90908
87081
53816
218912
52070
23972
64044
92510
5680
49015
1055
10143
30235
17328
86261
25186
41481
17106
29783
96156
96674
48819
41436
73048
14895
9693
18600
12139
89399
21474
74656
35128
27068
12310
77250
26353
194434
21571
13376
167959
33451
46057
75815
58845
582
74328
82715
63914
38260
21014
21512
11661
65819
74492
45783
6371
73293
35790
8505
64832
245207
6714
47358
39102
34362
31883
10391
21735
30223
49113
31741
12387
33967
8729
14527
19626
32584
6053
162987
25337
54452
35238
56989
13671
17739
94259
21383
54089
10050
20403
57616
79520
17471
80053
34979
38816
56484
17254
42687
23240
246746
15004
34023
34795
9652
79538
6265
154150
43128
171824
64987
42026
20206
65814
49699
38352
36827
38617
34826
76369
92561
52154
27706
58971
72723
3450
3666
42989
59373
94903
80722
50303
7372
90340
23284
76017
31799
32968
49392
42499
22152
39031
31101
43895
6583
76367
7043
16089
5869
58514
29348
65040
55636
96080
129791
63756
27768
17177
98301
86317
95872
100261
97945
96439
99799
95847
96050
98645
129456
104012
104423
98266
95883
108903
109247
95854
67871
38424
25077
40689
25267
57334
90859
3188
3078
21461
87630
26228
27528
74270
63135
37823
9413
74735
75613
63421
48351
11741
54650
93884
168977
48587
2151
60254
79995
17525
68151
63338
38207
5651
2837
57727
20254
165843
50553
67097
8514
95111
21709
14238
91577
15635
46860
11154
89853
20386
36664
93684
68160
56165
91623
38343
48983
61473
26688
35189
57271
27463
6340
16200
41934
64347
72979
15420
71961
54897
85488
31948
26541
11865
57146
31856
33576
5572
31317
25879
9114
28402
16708
28520
7808
10971
61681
50217
32565
50229
36381
37314
62932
46208
51655
38385
49545
41700
50733
24891
87419
159546
77870
38073
88398
69814
89985
90279
51958
52971
19033
33839
44131
67327
68351
52711
53113
48210
21617
28905
65555
16242
80858
17804
13586
193288
15405
53609
12173
27592
40064
79648
1842
37585
40778
48075
88682
24592
97155
97887
95887
26316
95710
63021
74069
92614
32887
34054
71447
16348
82200
37086
25397
71380
103941
103774
110665
130939
96646
13487
103852
39815
98422
6115
95860
100708
109466
104062
96983
122500
109134
108829
18701
110401
97930
116094
98128
96079
96844
103910
98920
97628
109849
97989
108752
45766
33631
618
53340
38347
2345
194175
97075
97238
98439
101750
111200
97709
119302
109760
123555
97234
112445
101624
112880
116592
98023
96083
99865
96273
98312
98355
95892
102436
110749
98462
99479
96903
99163
111021
99454
100015
97898
117903
100668
99978
115409
98874
103784
96022
50272
88213
7781
63881
26018
97788
96138
22695
57830
33412
63550
17680
76198
109368
105731
116206
29438
7271
92488
12552
24554
29776
23103
25812
62481
15806
98895
148114
96768
101982
136602
105591
100775
109688
98026
138541
124620
132749
98621
98019
142162
108874
111291
98121
116995
108944
109463
119027
108726
6480
8322
54012
35336
49399
6777
5145
33699
30495
43521
57905
40814
22495
13620
85265
174773
9174
43284
27778
51600
30465
68306
215459
219364
192042
79996
14935
29687
62592
48176
14745
20921
38670
11920
28804
56301
63234
12893
13932
16454
30861
115131
90815
47486
78081
45502
7052
78539
71912
68204
65234
78273
246686
23769
74785
161530
70227
38870
42890
55626
89609
221719
80222
19334
61413
17736
30854
76742
227978
79907
31407
45661
83856
24962
38526
35447
49764
40843
74797
55362
13436
34499
3189
46683
9430
17619
31533
15498
234511
49971
20640
21813
27445
28952
46166
1867
79015
65414
36822
29710
54394
13448
17443
39075
13293
66835
14148
41815
75102
26466
40275
33855
27857
64010
27432
21882
31082
35649
11908
44534
41187
30938
8782
52801
7166
1561
53966
91528
45905
9505
30848
78809
16896
4399
6703
25484
872
28898
49738
74554
72378
62162
95001
58752
26857
5812
82236
9223
14938
77618
64326
35721
61269
18005
15335
47004
83392
35636
10552
55290
58308
47192
50640
48652
46867
4083
45822
78559
73481
25047
12837
16264
45238
24874
22250
48461
82944
28855
65311
6710
66390
65261
85544
23775
22809
59243
85416
35668
20082
82046
38177
21274
67211
28599
11168
76186
64015
38308
47303
71072
43187
58815
93712
40170
6931
44031
24036
55157
70554
52757
34672
30221
14901
68430
35354
24268
40579
39792
51471
26358
40103
42450
24917
56466
58873
5006
25587
20390
37224
40905
21907
38744
95146
38667
71970
38583
33056
1837
55976
25986
24367
14537
48172
84401
33955
14585
73690
45832
10872
22207
1297
7582
76827
78284
51376
32323
23294
69918
37764
8294
41946
20511
25157
62532
47563
85116
35635
85037
48076
70535
23675
4584
71219
44665
56917
77961
30015
32649
15911
47161
28067
55580
34167
20865
79749
25391
46792
48891
38923
52910
23603
72872
57653
13569
65944
59513
55694
48166
54275
38731
48320
78549
27337
5938
58875
37523
14428
49564
29353
7398
33756
1229
39352
37797
68929
47868
19684
14961
71127
35365
53971
76151
85836
14713
48790
93819
7682
55606
27656
86258
87751
65077
16666
56684
16844
52222
64654
24022
55135
51822
24883
57597
92448
24238
51960
62475
28262
33590
52615
63879
41670
27593
66868
62777
31248
64313
27408
4371
78880
2389
17920
3298
2726
4953
29883
5383
6226
49002
5753
44318
85571
69384
37319
87401
84589
11860
81797
13500
84914
27998
4315
90162
90798
20285
28608
22203
40950
38227
68397
46645
84948
40884
39802
25995
87673
22572
17157
4134
11766
24705
6261
4797
26675
16543
44612
18869
32651
71690
8241
18550
11660
44878
10036
233326
22645
79659
83465
55352
33565
11292
22158
30499
93604
67459
24670
70431
72799
49198
90659
62124
37083
78620
45032
35255
29380
67306
41105
15678
27192
49049
29835
80384
4594
72010
17372
8138
36955
67174
19324
57221
50103
56963
24915
1348
36970
18433
21455
8357
82149
19881
55337
61245
35372
91751
22341
18897
81134
45095
70942
33691
73613
42780
34946
52903
6695
8809
57696
12782
42096
34793
79872
22685
61375
23313
8376
12814
3225
46991
19968
56183
3570
43614
22067
94642
34060
19644
32056
67333
1339
71856
60397
27955
35414
17130
47940
13464
80195
59469
88990
14023
9380
4846
59399
35156
93006
27565
3723
38702
15042
18633
66756
7818
17537
35512
17017
44255
4948
8907
38293
229844
50352
5654
53663
41565
73145
56356
29955
47654
16825
21363
21523
46467
65967
70791
9958
45091
59811
84298
82785
87811
92100
10412
3597
65881
44197
58725
69897
94839
4897
19480
92005
5083
66678
94393
221758
91178
2525
37188
23152
32164
19302
19763
41532
93640
43407
31016
61279
26593
20126
38812
94832
79608
47801
78560
47846
75465
50865
45227
60900
4020
59887
31137
22177
76907
64661
35494
59865
86646
48129
6076
20528
45999
43740
33125
43892
34986
75207
9783
82029
3201
52405
39297
57833
75106
78286
86569
22050
60797
14135
53714
14163
16617
65504
28118
83193
38069
90004
60105
16880
156546
22867
91109
31388
40360
90323
705
62631
58011
80898
7894
234267
41722
42365
75032
48039
80009
27282
40457
90581
43335
48024
16634
26345
2042
82229
4015
89951
27087
40088
11150
84536
30571
47685
17064
11924
31723
63285
46634
208162
66575
16630
19144
8117
53064
61171
22692
46682
42676
42536
45667
19207
29919
32488
23516
5026
78413
11700
6895
56067
51809
19101
19276
49340
48296
6876
12385
86675
29802
40015
16274
73712
8188
16940
44098
50519
4793
14513
82698
84201
64849
86916
45737
19077
56039
16440
39655
45112
43869
30705
76234
25227
87506
74392
42820
65648
80073
41831
47742
23597
80109
68841
31120
14120
48307
89871
18016
49035
63514
88762
65669
20178
91816
64345
71306
36961
19765
63878
88243
59079
33872
6172
18282
33709
61745
46059
80584
79018
35983
5648
64708
39295
46517
15090
50340
9852
44398
90463
33446
81889
64259
228753
67500
52777
67200
72431
53499
70110
35230
39916
243935
73490
17822
49143
89617
87748
28017
27496
9315
41411
53961
40569
39165
50940
3912
12922
43431
70095
68752
18835
35095
68642
40336
44768
43266
95529
1664
23275
72020
90155
23739
21458
27587
58606
56949
55768
16917
62296
54246
35746
13839
69485
49780
6939
49555
29763
16949
11032
31304
55196
5591
13623
34170
10889
38624
44338
18610
72182
80782
72442
6266
55259
92589
52652
83439
49337
91284
49924
79375
4269
211461
69285
50054
39527
75266
9448
85821
66477
34667
30664
47818
55634
64772
11420
12721
13524
47770
24078
7777
95553
47407
31271
163074
27287
23635
8287
78338
72039
29562
61205
10704
37469
26196
50246
67508
1437
40142
7224
36026
47875
35795
48359
83534
14015
21758
72410
49899
69137
37652
25389
49580
81137
54395
56366
7332
82930
20906
192709
50571
75081
83820
39943
14711
28477
55719
35761
66504
63544
53283
93418
3865
91053
52183
54627
72803
89331
38655
19509
32949
10915
43729
60065
57710
44893
40393
74350
10982
210126
62728
21033
20449
77912
31783
87197
26957
15788
72971
85789
10676
22420
26363
22263
31213
13831
77183
31559
14926
15515
73472
90326
4219
73744
68683
52268
44970
23113
32138
92937
68868
10720
53569
43991
68873
10790
39692
79140
26913
66771
49732
34074
45283
80825
8392
4144
27316
32607
12145
34241
67863
81166
79017
53038
50465
18599
92015
27072
63928
17625
88827
16395
75504
64948
72451
35086
7243
88332
96220
61091
81175
2285
53437
48427
95765
104228
97627
101831
20199
54258
28761
54590
81131
27054
42489
23425
91121
71778
13025
26053
31134
56387
18090
17567
65257
33903
84274
7592
84381
52336
83418
76391
43522
80464
58778
53765
24738
85349
29744
82322
31812
53441
51590
89415
73196
46892
45406
48919
84741
11315
15799
9900
20920
82554
161398
76848
12704
14160
11277
6085
8329
48050
49722
46515
11687
17888
13124
57716
30676
13253
20070
22918
38936
8406
6846
36912
13528
70003
3194
20230
39923
24999
13988
24556
55194
38603
239
14544
15954
66401
88644
71427
8968
34435
92730
65306
48357
38769
64067
17139
12684
59425
77276
